{
  "the-[de.art.der]-der": {
    "priorParams": [
      1.2130707160063567,
      0.9999999999999803,
      1396311.8371007408
    ],
    "numDrills": 6,
    "lastTime": 1611691630,
    "lastResult": true
  },
  "this/these-[de.art.der]-dieser": {
    "priorParams": [
      1.213076128843718,
      1.0000000000000213,
      1396346.8241804522
    ],
    "numDrills": 6,
    "lastTime": 1611691668,
    "lastResult": true
  },
  "that/those-[de.art.der]-jener": {
    "priorParams": [
      3.0996997795788106,
      3.0175184132081103,
      342771.4866195033
    ],
    "numDrills": 8,
    "lastTime": 1611691651,
    "lastResult": true
  },
  "some/few a-[de.art.der]-einiger": {
    "priorParams": [
      3.090046900281947,
      3.008673154664802,
      342066.0401186908
    ],
    "numDrills": 9,
    "lastTime": 1611691666,
    "lastResult": true
  },
  "some/many a-[de.art.der]-mancher": {
    "priorParams": [
      1.2130786186626112,
      1.000000000000007,
      1396362.918231545
    ],
    "numDrills": 6,
    "lastTime": 1611691707,
    "lastResult": true
  },
  "some or other-[de.art.der]-irgendwelcher": {
    "priorParams": [
      3.874725714041523,
      3.794342065939659,
      271992.91989717743
    ],
    "numDrills": 13,
    "lastTime": 1611691691,
    "lastResult": true
  },
  "every/each-[de.art.der]-jeder": {
    "priorParams": [
      6.561454172128063,
      6.493802122690867,
      136351.45481744193
    ],
    "numDrills": 20,
    "lastTime": 1611862839,
    "lastResult": true
  },
  "such a-[de.art.der]-solcher": {
    "priorParams": [
      1.9374845031189027,
      1.9669742822816774,
      510810.59704629524
    ],
    "numDrills": 9,
    "lastTime": 1611691734,
    "lastResult": true
  },
  "which-[de.art.der]-welcher": {
    "priorParams": [
      1.1843198071826273,
      0.9999999999997767,
      1388200.205746046
    ],
    "numDrills": 9,
    "lastTime": 1611691710,
    "lastResult": true
  },
  "every/entire-[de.art.der]-s\u00e4mtliche": {
    "priorParams": [
      3.236313901217174,
      3.2070283906299717,
      392072.4530663295
    ],
    "numDrills": 14,
    "lastTime": 1611691658,
    "lastResult": true
  },
  "all-[de.art.der]-alle": {
    "priorParams": [
      1.1843095785325508,
      1.0000000000001965,
      1388141.2679588103
    ],
    "numDrills": 8,
    "lastTime": 1611691685,
    "lastResult": true
  },
  "both-[de.art.der]-beider": {
    "priorParams": [
      1.3099453072995957,
      1.207608638642854,
      1146705.1939021263
    ],
    "numDrills": 13,
    "lastTime": 1611691701,
    "lastResult": true
  },
  "an-[de.art.ein]-ein": {
    "priorParams": [
      1.1843173718637339,
      0.9999999999997621,
      1388186.1729452133
    ],
    "numDrills": 8,
    "lastTime": 1611691687,
    "lastResult": true
  },
  "no-[de.art.ein]-kein": {
    "priorParams": [
      1.9374835201106373,
      1.9669731803078303,
      510808.14575778076
    ],
    "numDrills": 9,
    "lastTime": 1611691732,
    "lastResult": true
  },
  "my-[de.art.ein]-mein": {
    "priorParams": [
      1.1843187112950415,
      1.000000000000002,
      1388193.8909858332
    ],
    "numDrills": 8,
    "lastTime": 1611691660,
    "lastResult": true
  },
  "your (singular)-[de.art.ein]-dein": {
    "priorParams": [
      1.1843056816889956,
      1.0000000000001963,
      1388118.815452613
    ],
    "numDrills": 8,
    "lastTime": 1611691638,
    "lastResult": true
  },
  "his/its (m)-[de.art.ein]-sein": {
    "priorParams": [
      1.1843148147292255,
      0.9999999999999608,
      1388171.4385003482
    ],
    "numDrills": 8,
    "lastTime": 1611691693,
    "lastResult": true
  },
  "its (n)-[de.art.ein]-sein": {
    "priorParams": [
      1.1843061688006118,
      0.9999999999998062,
      1388121.6220168523
    ],
    "numDrills": 8,
    "lastTime": 1611691634,
    "lastResult": true
  },
  "her/its (f)-[de.art.ein]-ihr": {
    "priorParams": [
      1.1843189548266408,
      1.0000000000002116,
      1388195.2942656088
    ],
    "numDrills": 8,
    "lastTime": 1611691697,
    "lastResult": true
  },
  "our-[de.art.ein]-unser": {
    "priorParams": [
      1.1843118922269795,
      0.9999999999997655,
      1388154.5991307087
    ],
    "numDrills": 8,
    "lastTime": 1611691699,
    "lastResult": true
  },
  "your (plural)-[de.art.ein]-euer": {
    "priorParams": [
      6.123672688316841,
      6.173586898206294,
      161517.04983243995
    ],
    "numDrills": 27,
    "lastTime": 1611949645,
    "lastResult": false
  },
  "their-[de.art.ein]-ihr": {
    "priorParams": [
      4.688339244910895,
      4.594301689139113,
      217630.9389967431
    ],
    "numDrills": 17,
    "lastTime": 1611949657,
    "lastResult": true
  },
  "your (formal)-[de.art.ein]-Ihr": {
    "priorParams": [
      2.8873364250013185,
      2.9029666539643073,
      365325.95385417173
    ],
    "numDrills": 12,
    "lastTime": 1611691730,
    "lastResult": true
  },
  "someone's-[de.art.ein]-irgendein": {
    "priorParams": [
      1.1843172500965866,
      0.9999999999997667,
      1388185.4713051212
    ],
    "numDrills": 9,
    "lastTime": 1611691678,
    "lastResult": true
  }
}