{
  "whole-[de.adj]-ganz": {
    "priorParams": [
      1.1263784875113878,
      1.0000000000000144,
      91942.4519806052
    ],
    "numDrills": 3,
    "lastTime": 1607560081
  },
  "all of the-[de.adj]-ganz": {
    "priorParams": [
      1.1263458584054762,
      0.9999999999999898,
      91942.4519806052
    ],
    "numDrills": 3,
    "lastTime": 1607560093
  },
  "great/big-[de.adj]-gro\u00df": {
    "priorParams": [
      1.5787326388888916,
      1.0000000000000013,
      172800
    ],
    "numDrills": 1,
    "lastTime": 1607560144
  },
  "good-[de.adj]-gut": {
    "priorParams": [
      1.5788368055555533,
      0.9999999999999991,
      172800
    ],
    "numDrills": 1,
    "lastTime": 1607560137
  },
  "new-[de.adj]-neu": {
    "priorParams": [
      1.5786805555555548,
      0.9999999999999997,
      172800
    ],
    "numDrills": 1,
    "lastTime": 1607560139
  },
  "first-[de.adj]-erste": {
    "priorParams": [
      1.578674768518515,
      0.9999999999999983,
      172800
    ],
    "numDrills": 1,
    "lastTime": 1607560122
  },
  "long-[de.adj]-lang": {
    "priorParams": [
      1.5781249999999956,
      0.9999999999999973,
      172800
    ],
    "numDrills": 1,
    "lastTime": 1607560134
  },
  "German-[de.adj]-deutsch": {
    "priorParams": [
      1.124910177747011,
      0.9999999999999952,
      91942.4519806052
    ],
    "numDrills": 2,
    "lastTime": 1607560084
  },
  "small/little-[de.adj]-klein": {
    "priorParams": [
      1.1251277051195185,
      0.9999999999999992,
      91942.4519806052
    ],
    "numDrills": 2,
    "lastTime": 1607560077
  },
  "old-[de.adj]-alt": {
    "priorParams": [
      1.5769097222222246,
      1.000000000000001,
      172800
    ],
    "numDrills": 1,
    "lastTime": 1607560108
  },
  "high-[de.adj]-hoch": {
    "priorParams": [
      1.1248122904294087,
      1.0000000000000038,
      91942.4519806052
    ],
    "numDrills": 2,
    "lastTime": 1607560086
  },
  "tall-[de.adj]-hoch": {
    "priorParams": [
      1.2667241049319085,
      1.0000000000000075,
      81536.30265491242
    ],
    "numDrills": 2,
    "lastTime": 1607560098
  },
  "easy-[de.adj]-einfach": {
    "priorParams": [
      1.1250841996450227,
      1.0000000000000007,
      91942.4519806052
    ],
    "numDrills": 2,
    "lastTime": 1607560091
  },
  "last-[de.adj]-letzte": {
    "priorParams": [
      1.4668999400528775,
      2.232112489018824,
      39136.17813058283
    ],
    "numDrills": 10,
    "lastTime": 1607635461
  },
  "like/same/equal-[de.adj]-gleich": {
    "priorParams": [
      1.266785427309953,
      0.9999999999997663,
      81536.30265491242
    ],
    "numDrills": 2,
    "lastTime": 1607560080
  },
  "right away-[de.adj]-gleich": {
    "priorParams": [
      1.0569986762695376,
      1.00000000000003,
      94342.59686298472
    ],
    "numDrills": 4,
    "lastTime": 1607560043
  },
  "possible-[de.adj]-m\u00f6glich": {
    "priorParams": [
      1.125388737966512,
      0.9999999999999996,
      91942.4519806052
    ],
    "numDrills": 2,
    "lastTime": 1607560088
  },
  "own/characteristic-[de.adj]-eigen": {
    "priorParams": [
      1.1256280180762401,
      0.9999999999999944,
      91942.4519806052
    ],
    "numDrills": 2,
    "lastTime": 1607560095
  },
  "beautiful/pleasant-[de.adj]-sch\u00f6n": {
    "priorParams": [
      1.5782407407407344,
      0.9999999999999967,
      172800
    ],
    "numDrills": 1,
    "lastTime": 1607560141
  },
  "late-[de.adj]-sp\u00e4t": {
    "priorParams": [
      3.5592711522638267,
      1.9720045743567538,
      71682.69483599586
    ],
    "numDrills": 2,
    "lastTime": 1607635578
  },
  "important-[de.adj]-wichtig": {
    "priorParams": [
      1.057274267581023,
      1.0000000000000353,
      94342.59686298472
    ],
    "numDrills": 4,
    "lastTime": 1607560046
  },
  "additional-[de.adj]-weitere": {
    "priorParams": [
      1.0586522241387473,
      1.0000000000002085,
      94342.59686298472
    ],
    "numDrills": 4,
    "lastTime": 1607560060
  },
  "exact-[de.adj]-genau": {
    "priorParams": [
      1.5784259259259192,
      0.9999999999999956,
      172800
    ],
    "numDrills": 1,
    "lastTime": 1607560118
  },
  "young-[de.adj]-jung": {
    "priorParams": [
      1.5772627314814827,
      1.0000000000000009,
      172800
    ],
    "numDrills": 1,
    "lastTime": 1607560146
  },
  "short-[de.adj]-kurz": {
    "priorParams": [
      1.2204502382351345,
      0.9999999999999994,
      81536.30265491242
    ],
    "numDrills": 1,
    "lastTime": 1607560034
  },
  "strong-[de.adj]-stark": {
    "priorParams": [
      1.556521990740737,
      0.9999999999999973,
      172800
    ],
    "numDrills": 1,
    "lastTime": 1607560107
  },
  "right/correct-[de.adj]-richtig": {
    "priorParams": [
      1.2233078610662,
      1.0000000000002387,
      81536.30265491242
    ],
    "numDrills": 2,
    "lastTime": 1607560040
  },
  "various/different/diverse-[de.adj]-verschieden": {
    "priorParams": [
      0.6796652702842826,
      1.0000000000007847,
      256449.76670228865
    ],
    "numDrills": 6,
    "lastTime": 1607638335
  },
  "special/particular-[de.adj]-bestimmt": {
    "priorParams": [
      1.222302174061068,
      1.0000000000000056,
      81536.30265491242
    ],
    "numDrills": 1,
    "lastTime": 1607559967
  },
  "better-[de.adj]-besser": {
    "priorParams": [
      1.222755959660796,
      1.0000000000000036,
      81536.30265491242
    ],
    "numDrills": 1,
    "lastTime": 1607560064
  },
  "fast-[de.adj]-schnell": {
    "priorParams": [
      1.2202417421487761,
      1.000000000000001,
      81536.30265491242
    ],
    "numDrills": 1,
    "lastTime": 1607560005
  },
  "sure/certain-[de.adj]-sicher": {
    "priorParams": [
      1.5565335648148126,
      0.9999999999999987,
      172800
    ],
    "numDrills": 1,
    "lastTime": 1607560115
  },
  "safe/secure-[de.adj]-sicher": {
    "priorParams": [
      1.2236144729575715,
      0.9999999999999967,
      81536.30265491242
    ],
    "numDrills": 2,
    "lastTime": 1607560062
  },
  "next-[de.adj]-n\u00e4chste": {
    "priorParams": [
      1.2200577750137518,
      1.0000000000000029,
      81536.30265491242
    ],
    "numDrills": 1,
    "lastTime": 1607559997
  },
  "political-[de.adj]-politisch": {
    "priorParams": [
      1.223283332114533,
      1.0000000000000018,
      81536.30265491242
    ],
    "numDrills": 1,
    "lastTime": 1607560055
  },
  "clear-[de.adj]-klar": {
    "priorParams": [
      1.556504629629631,
      1.0,
      172800
    ],
    "numDrills": 1,
    "lastTime": 1607560132
  },
  "difficult-[de.adj]-schwer": {
    "priorParams": [
      1.222608785952771,
      1.0000000000000009,
      81536.30265491242
    ],
    "numDrills": 1,
    "lastTime": 1607560037
  },
  "heavy-[de.adj]-schwer": {
    "priorParams": [
      1.22268237280678,
      1.0000000000000009,
      81536.30265491242
    ],
    "numDrills": 1,
    "lastTime": 1607560053
  },
  "individual-[de.adj]-einzeln": {
    "priorParams": [
      0.6803320675366122,
      0.9999999999965139,
      256449.7667022887
    ],
    "numDrills": 5,
    "lastTime": 1607638339
  },
  "well-known-[de.adj]-bekannt": {
    "priorParams": [
      1.221578569996621,
      0.9999999999999988,
      81536.30265491242
    ],
    "numDrills": 1,
    "lastTime": 1607560010
  },
  "light-[de.adj]-leicht": {
    "priorParams": [
      1.222118206926041,
      1.000000000000005,
      81536.30265491242
    ],
    "numDrills": 1,
    "lastTime": 1607560003
  },
  "easy-[de.adj]-leicht": {
    "priorParams": [
      0.6800747071957102,
      1.000000000004961,
      256449.76670228865
    ],
    "numDrills": 5,
    "lastTime": 1607638346
  },
  "round-[de.adj]-rund": {
    "priorParams": [
      1.5567418981481613,
      1.0000000000000084,
      172800
    ],
    "numDrills": 1,
    "lastTime": 1607560135
  },