{
  "the-[de.art.der]-der": {
    "priorParams": [
      1.4720756568805262,
      1.0000000000000107,
      679367.9355579293
    ],
    "numDrills": 5,
    "lastTime": 1610997886,
    "lastResult": true
  },
  "this/these-[de.art.der]-dieser": {
    "priorParams": [
      1.4721433668762278,
      0.999999999999999,
      679367.9355579293
    ],
    "numDrills": 5,
    "lastTime": 1610997920,
    "lastResult": true
  },
  "that/those-[de.art.der]-jener": {
    "priorParams": [
      2.6870615194540646,
      2.991123620443826,
      281822.4792011548
    ],
    "numDrills": 7,
    "lastTime": 1611351435,
    "lastResult": true
  },
  "some/few a-[de.art.der]-einiger": {
    "priorParams": [
      2.665334066963006,
      2.98261280521668,
      281822.4792011548
    ],
    "numDrills": 8,
    "lastTime": 1611351404,
    "lastResult": true
  },
  "some/many a-[de.art.der]-mancher": {
    "priorParams": [
      1.4721860536126468,
      0.9999999999999981,
      679367.9355579293
    ],
    "numDrills": 5,
    "lastTime": 1610997965,
    "lastResult": true
  },
  "some or other-[de.art.der]-irgendwelcher": {
    "priorParams": [
      3.7084234446602617,
      3.7589945085167376,
      225435.84172726684
    ],
    "numDrills": 12,
    "lastTime": 1611436020,
    "lastResult": true
  },
  "every/each-[de.art.der]-jeder": {
    "priorParams": [
      6.36211253178839,
      6.363732143767918,
      96422.18376652515
    ],
    "numDrills": 17,
    "lastTime": 1611516288,
    "lastResult": true
  },
  "such a-[de.art.der]-solcher": {
    "priorParams": [
      1.2404328232346138,
      0.9999999999997928,
      766072.9240637763
    ],
    "numDrills": 7,
    "lastTime": 1610997938,
    "lastResult": true
  },
  "which-[de.art.der]-welcher": {
    "priorParams": [
      1.240473289356076,
      0.9999999999997892,
      766072.9240637763
    ],
    "numDrills": 8,
    "lastTime": 1610997930,
    "lastResult": true
  },
  "every/entire-[de.art.der]-s\u00e4mtliche": {
    "priorParams": [
      2.7807896891573747,
      3.173441850594371,
      317790.34512605733
    ],
    "numDrills": 12,
    "lastTime": 1611260792,
    "lastResult": true
  },
  "all-[de.art.der]-alle": {
    "priorParams": [
      1.2403584177853995,
      1.0000000000001956,
      766072.9240637763
    ],
    "numDrills": 7,
    "lastTime": 1610997901,
    "lastResult": true
  },
  "both-[de.art.der]-beider": {
    "priorParams": [
      0.9529683379511993,
      1.2041556895173788,
      863843.7204158901
    ],
    "numDrills": 12,
    "lastTime": 1610997869,
    "lastResult": true
  },
  "an-[de.art.ein]-ein": {
    "priorParams": [
      1.2404380446696242,
      0.9999999999997664,
      766072.9240637763
    ],
    "numDrills": 7,
    "lastTime": 1610997900,
    "lastResult": true
  },
  "no-[de.art.ein]-kein": {
    "priorParams": [
      1.2404223803645131,
      0.9999999999999646,
      766072.9240637763
    ],
    "numDrills": 7,
    "lastTime": 1610997932,
    "lastResult": true
  },
  "my-[de.art.ein]-mein": {
    "priorParams": [
      1.2405033126074623,
      1.0000000000000047,
      766072.9240637763
    ],
    "numDrills": 7,
    "lastTime": 1610997912,
    "lastResult": true
  },
  "your (singular)-[de.art.ein]-dein": {
    "priorParams": [
      1.2403558070678875,
      1.0000000000002,
      766072.9240637763
    ],
    "numDrills": 7,
    "lastTime": 1610997884,
    "lastResult": true
  },
  "his/its (m)-[de.art.ein]-sein": {
    "priorParams": [
      1.2404328232345745,
      0.9999999999999893,
      766072.9240637763
    ],
    "numDrills": 7,
    "lastTime": 1610997923,
    "lastResult": true
  },
  "its (n)-[de.art.ein]-sein": {
    "priorParams": [
      1.2404093267769796,
      0.9999999999998017,
      766072.9240637763
    ],
    "numDrills": 7,
    "lastTime": 1610997917,
    "lastResult": true
  },
  "her/its (f)-[de.art.ein]-ihr": {
    "priorParams": [
      1.2404380446695824,
      1.0000000000002247,
      766072.9240637763
    ],
    "numDrills": 7,
    "lastTime": 1610997897,
    "lastResult": true
  },
  "our-[de.art.ein]-unser": {
    "priorParams": [
      1.2404380446696297,
      0.9999999999997632,
      766072.9240637763
    ],
    "numDrills": 7,
    "lastTime": 1610997957,
    "lastResult": true
  },
  "your (plural)-[de.art.ein]-euer": {
    "priorParams": [
      5.202034882567902,
      5.191049457758804,
      134941.73642047515
    ],
    "numDrills": 24,
    "lastTime": 1611391974,
    "lastResult": true
  },
  "their-[de.art.ein]-ihr": {
    "priorParams": [
      4.697573823824923,
      4.494489914817166,
      141992.58593013202
    ],
    "numDrills": 15,
    "lastTime": 1611516130,
    "lastResult": true
  },
  "your (formal)-[de.art.ein]-Ihr": {
    "priorParams": [
      2.1386073785009465,
      1.9180503983314257,
      489464.17975284683
    ],
    "numDrills": 10,
    "lastTime": 1611392040,
    "lastResult": true
  },
  "someone's-[de.art.ein]-irgendein": {
    "priorParams": [
      1.2405111447600357,
      0.9999999999997486,
      766072.9240637763
    ],
    "numDrills": 8,
    "lastTime": 1610997948,
    "lastResult": true
  }
}