{
  "and-[de.conj.coo]-und": {
    "priorParams": [
      1.2405594430340208,
      1.0000000000000333,
      766072.9240637763
    ],
    "numDrills": 7,
    "lastTime": 1610998328,
    "lastResult": true
  },
  "or-[de.conj.coo]-oder": {
    "priorParams": [
      1.2405516108814771,
      1.0000000000000064,
      766072.9240637763
    ],
    "numDrills": 7,
    "lastTime": 1610998312,
    "lastResult": true
  },
  "but/however-[de.conj.coo]-aber": {
    "priorParams": [
      1.240545084087671,
      0.9999999999999557,
      766072.9240637763
    ],
    "numDrills": 7,
    "lastTime": 1610998315,
    "lastResult": true
  },
  "because/since-[de.conj.coo]-denn": {
    "priorParams": [
      2.9372561365352117,
      2.928956514627592,
      323652.3344128525
    ],
    "numDrills": 11,
    "lastTime": 1611516934,
    "lastResult": true
  },
  "but (on the contrary)-[de.conj.coo]-sondern": {
    "priorParams": [
      3.4569245993880755,
      3.353350645826985,
      371705.32461395545
    ],
    "numDrills": 18,
    "lastTime": 1611604401,
    "lastResult": true
  },
  "both - and-[de.conj.coo]-sowohl - als": {
    "priorParams": [
      2.9505306149056025,
      3.0026953964712835,
      372142.6047729234
    ],
    "numDrills": 14,
    "lastTime": 1611604357,
    "lastResult": true
  },
  "neither - nor-[de.conj.coo]-weder* - noch*": {
    "priorParams": [
      5.444380112033404,
      5.399677026188771,
      145436.3179957221
    ],
    "numDrills": 18,
    "lastTime": 1611516163,
    "lastResult": true
  },
  "either - or-[de.conj.coo]-entweder* - oder": {
    "priorParams": [
      3.5088869489735215,
      2.311260247997211,
      317790.34512605733
    ],
    "numDrills": 13,
    "lastTime": 1611351318,
    "lastResult": true
  },
  "not only - but also-[de.conj.coo]-nicht nur* - sondern auch": {
    "priorParams": [
      2.912066280005009,
      2.08266427673946,
      367703.2860328025
    ],
    "numDrills": 17,
    "lastTime": 1611351306,
    "lastResult": true
  },
  "that-[de.conj.sub]-dass": {
    "priorParams": [
      1.240477205432327,
      0.999999999999977,
      766072.9240637763
    ],
    "numDrills": 7,
    "lastTime": 1610998326,
    "lastResult": true
  },
  "as/when-[de.conj.sub]-als": {
    "priorParams": [
      3.0457928297107917,
      2.9862480964903253,
      364930.5229721424
    ],
    "numDrills": 12,
    "lastTime": 1611604238,
    "lastResult": true
  },
  "when/if-[de.conj.sub]-wenn": {
    "priorParams": [
      1.2404654572035303,
      0.9999999999998109,
      766072.9240637763
    ],
    "numDrills": 7,
    "lastTime": 1610998321,
    "lastResult": true
  },
  "because-[de.conj.sub]-weil": {
    "priorParams": [
      3.4163965884245364,
      2.066790002691107,
      317790.34512605733
    ],
    "numDrills": 9,
    "lastTime": 1611351168,
    "lastResult": true
  },
  "if-[de.conj.sub]-ob": {
    "priorParams": [
      1.2404706786385502,
      1.00000000000003,
      766072.9240637763
    ],
    "numDrills": 7,
    "lastTime": 1610998318,
    "lastResult": true
  },
  "although-[de.conj.sub]-obwohl": {
    "priorParams": [
      0.9556089259587637,
      1.2014126010552626,
      863843.7204158901
    ],
    "numDrills": 13,
    "lastTime": 1610998185,
    "lastResult": true
  },
  "in case/if-[de.conj.sub]-falls": {
    "priorParams": [
      1.1330983940736843,
      1.0000000000000013,
      766072.9240637763
    ],
    "numDrills": 8,
    "lastTime": 1610998323,
    "lastResult": true
  },
  "because/since-[de.conj.sub]-da": {
    "priorParams": [
      7.366951803347979,
      7.392427209381711,
      111048.74216374388
    ],
    "numDrills": 25,
    "lastTime": 1611515785,
    "lastResult": true
  },
  "so that-[de.conj.sub]-damit": {
    "priorParams": [
      5.338980704782249,
      5.239127558582161,
      170972.9871150701
    ],
    "numDrills": 24,
    "lastTime": 1611516413,
    "lastResult": true
  },
  "since (time)-[de.conj.sub]-seit": {
    "priorParams": [
      1.1330279047008052,
      1.0000000000000164,
      766072.9240637763
    ],
    "numDrills": 8,
    "lastTime": 1610998298,
    "lastResult": true
  },
  "after-[de.conj.sub]-nachdem": {
    "priorParams": [
      2.7180319828762327,
      2.721689742090361,
      400858.19767663995
    ],
    "numDrills": 15,
    "lastTime": 1611604379,
    "lastResult": true
  },
  "before-[de.conj.sub]-bevor": {
    "priorParams": [
      2.9795997308777364,
      2.0184456596267646,
      317790.34512605733
    ],
    "numDrills": 9,
    "lastTime": 1611351048,
    "lastResult": true
  },
  "while/during-[de.conj.sub]-indem": {
    "priorParams": [
      2.5611965646238852,
      2.42358942567368,
      404083.23631066456
    ],
    "numDrills": 16,
    "lastTime": 1611351218,
    "lastResult": true
  },
  "in order (to)-[de.conj.sub]-um (zu)": {
    "priorParams": [
      4.631223912006969,
      4.554001985762215,
      119583.00602996706
    ],
    "numDrills": 16,
    "lastTime": 1611516205,
    "lastResult": true
  },
  "without (to)-[de.conj.sub]-ohne (zu)": {
    "priorParams": [
      1.1330161564719934,
      1.0000000000000082,
      766072.9240637763
    ],
    "numDrills": 8,
    "lastTime": 1610998296,
    "lastResult": true
  },
  "especially since-[de.conj.sub]-zumal": {
    "priorParams": [
      4.947790548347193,
      4.731411168587796,
      213467.9016226156
    ],
    "numDrills": 14,
    "lastTime": 1611436071,
    "lastResult": true
  },
  "before/until-[de.conj.sub]-ehe": {
    "priorParams": [
      6.396113478134695,
      6.3383874809433545,
      127867.43638312843
    ],
    "numDrills": 18,
    "lastTime": 1611516461,
    "lastResult": true
  },
  "as well as/as soon as-[de.conj.sub]-sowie": {
    "priorParams": [
      2.6980771651465485,
      1.8202322810655183,
      317790.34512605733
    ],
    "numDrills": 9,
    "lastTime": 1611351056,
    "lastResult": true
  },
  "so that-[de.conj.sub]-sodass": {
    "priorParams": [
      1.1323530342233918,
      1.0000000000000178,
      766072.9240637763
    ],
    "numDrills": 6,
    "lastTime": 1610998291,
    "lastResult": true
  },
  "so long as-[de.conj.sub]-solange": {
    "priorParams": [
      1.1323595610171637,
      0.9999999999999866,
      766072.9240637763
    ],
    "numDrills": 6,
    "lastTime": 1610998301,
    "lastResult": true
  },
  "as soon as-[de.conj.sub]-sobald": {
    "priorParams": [
      1.132337369918296,
      1.000000000000001,
      766072.9240637763
    ],
    "numDrills": 6,
    "lastTime": 1610998288,
    "lastResult": true
  },
  "provided that-[de.conj.sub]-sofern": {
    "priorParams": [
      1.670303280325493,
      1.4045994883443271,
      803188.3529427686
    ],
    "numDrills": 11,
    "lastTime": 1611604440,
    "lastResult": true
  },
  "all the-[de.conj.sub]-umso": {
    "priorParams": [
      1.1322903770030504,
      0.9999999999999994,
      766072.9240637763
    ],
    "numDrills": 7,
    "lastTime": 1610998285,
    "lastResult": true
  },
  "while/during-[de.conj.sub]-w\u00e4hrend": {
    "priorParams": [
      4.0823950764724195,
      3.8382075844251453,
      271677.2722924025
    ],
    "numDrills": 15,
    "lastTime": 1611516447,
    "lastResult": true
  }
}