{
  "and-[de.conj.coo]-und": {
    "priorParams": [
      1.2405594430340208,
      1.0000000000000333,
      766072.9240637763
    ],
    "numDrills": 7,
    "lastTime": 1610998328,
    "lastResult": true
  },
  "or-[de.conj.coo]-oder": {
    "priorParams": [
      1.2405516108814771,
      1.0000000000000064,
      766072.9240637763
    ],
    "numDrills": 7,
    "lastTime": 1610998312,
    "lastResult": true
  },
  "but/however-[de.conj.coo]-aber": {
    "priorParams": [
      1.240545084087671,
      0.9999999999999557,
      766072.9240637763
    ],
    "numDrills": 7,
    "lastTime": 1610998315,
    "lastResult": true
  },
  "because/since-[de.conj.coo]-denn": {
    "priorParams": [
      2.1946597667638574,
      2.9260799188289046,
      317790.34512605733
    ],
    "numDrills": 10,
    "lastTime": 1611260700,
    "lastResult": true
  },
  "but (on the contrary)-[de.conj.coo]-sondern": {
    "priorParams": [
      3.45247337061254,
      3.316115364248769,
      289179.4157046195
    ],
    "numDrills": 17,
    "lastTime": 1611261084,
    "lastResult": true
  },
  "both - and-[de.conj.coo]-sowohl - als": {
    "priorParams": [
      1.767162726333993,
      3.023243472088057,
      414631.77282229665
    ],
    "numDrills": 13,
    "lastTime": 1611260818,
    "lastResult": true
  },
  "neither - nor-[de.conj.coo]-weder* - noch*": {
    "priorParams": [
      4.886630606356922,
      5.367736239656206,
      131829.0991406075
    ],
    "numDrills": 17,
    "lastTime": 1611351107,
    "lastResult": true
  },
  "either - or-[de.conj.coo]-entweder* - oder": {
    "priorParams": [
      3.5088869489735215,
      2.311260247997211,
      317790.34512605733
    ],
    "numDrills": 13,
    "lastTime": 1611351318,
    "lastResult": true
  },
  "not only - but also-[de.conj.coo]-nicht nur* - sondern auch": {
    "priorParams": [
      2.912066280005009,
      2.08266427673946,
      367703.2860328025
    ],
    "numDrills": 17,
    "lastTime": 1611351306,
    "lastResult": true
  },
  "that-[de.conj.sub]-dass": {
    "priorParams": [
      1.240477205432327,
      0.999999999999977,
      766072.9240637763
    ],
    "numDrills": 7,
    "lastTime": 1610998326,
    "lastResult": true
  },
  "as/when-[de.conj.sub]-als": {
    "priorParams": [
      2.499380610453464,
      2.966698330589626,
      317790.34512605733
    ],
    "numDrills": 11,
    "lastTime": 1611260856,
    "lastResult": true
  },
  "when/if-[de.conj.sub]-wenn": {
    "priorParams": [
      1.2404654572035303,
      0.9999999999998109,
      766072.9240637763
    ],
    "numDrills": 7,
    "lastTime": 1610998321,
    "lastResult": true
  },
  "because-[de.conj.sub]-weil": {
    "priorParams": [
      3.4163965884245364,
      2.066790002691107,
      317790.34512605733
    ],
    "numDrills": 9,
    "lastTime": 1611351168,
    "lastResult": true
  },
  "if-[de.conj.sub]-ob": {
    "priorParams": [
      1.2404706786385502,
      1.00000000000003,
      766072.9240637763
    ],
    "numDrills": 7,
    "lastTime": 1610998318,
    "lastResult": true
  },
  "although-[de.conj.sub]-obwohl": {
    "priorParams": [
      0.9556089259587637,
      1.2014126010552626,
      863843.7204158901
    ],
    "numDrills": 13,
    "lastTime": 1610998185,
    "lastResult": true
  },
  "in case/if-[de.conj.sub]-falls": {
    "priorParams": [
      1.1330983940736843,
      1.0000000000000013,
      766072.9240637763
    ],
    "numDrills": 8,
    "lastTime": 1610998323,
    "lastResult": true
  },
  "because/since-[de.conj.sub]-da": {
    "priorParams": [
      5.498554552572237,
      7.4209201416721475,
      116908.53457465376
    ],
    "numDrills": 24,
    "lastTime": 1611351201,
    "lastResult": true
  },
  "so that-[de.conj.sub]-damit": {
    "priorParams": [
      5.862551594807953,
      5.175524481141092,
      135270.47938265037
    ],
    "numDrills": 23,
    "lastTime": 1611351051,
    "lastResult": true
  },
  "since (time)-[de.conj.sub]-seit": {
    "priorParams": [
      1.1330279047008052,
      1.0000000000000164,
      766072.9240637763
    ],
    "numDrills": 8,
    "lastTime": 1610998298,
    "lastResult": true
  },
  "after-[de.conj.sub]-nachdem": {
    "priorParams": [
      1.8425487388942448,
      2.722851476395569,
      404083.2363106646
    ],
    "numDrills": 14,
    "lastTime": 1611260833,
    "lastResult": true
  },
  "before-[de.conj.sub]-bevor": {
    "priorParams": [
      2.9795997308777364,
      2.0184456596267646,
      317790.34512605733
    ],
    "numDrills": 9,
    "lastTime": 1611351048,
    "lastResult": true
  },
  "while/during-[de.conj.sub]-indem": {
    "priorParams": [
      2.5611965646238852,
      2.42358942567368,
      404083.23631066456
    ],
    "numDrills": 16,
    "lastTime": 1611351218,
    "lastResult": true
  },
  "in order (to)-[de.conj.sub]-um (zu)": {
    "priorParams": [
      4.494287444243445,
      4.511060646737754,
      100120.80721594075
    ],
    "numDrills": 15,
    "lastTime": 1611392025,
    "lastResult": false
  },
  "without (to)-[de.conj.sub]-ohne (zu)": {
    "priorParams": [
      1.1330161564719934,
      1.0000000000000082,
      766072.9240637763
    ],
    "numDrills": 8,
    "lastTime": 1610998296,
    "lastResult": true
  },
  "especially since-[de.conj.sub]-zumal": {
    "priorParams": [
      8.22967006522935,
      4.629975712165033,
      116908.53457465378
    ],
    "numDrills": 13,
    "lastTime": 1611225860,
    "lastResult": true
  },
  "before/until-[de.conj.sub]-ehe": {
    "priorParams": [
      6.377766644189134,
      6.289663475024464,
      112529.59062290366
    ],
    "numDrills": 17,
    "lastTime": 1611392000,
    "lastResult": true
  },
  "as well as/as soon as-[de.conj.sub]-sowie": {
    "priorParams": [
      2.6980771651465485,
      1.8202322810655183,
      317790.34512605733
    ],
    "numDrills": 9,
    "lastTime": 1611351056,
    "lastResult": true
  },
  "so that-[de.conj.sub]-sodass": {
    "priorParams": [
      1.1323530342233918,
      1.0000000000000178,
      766072.9240637763
    ],
    "numDrills": 6,
    "lastTime": 1610998291,
    "lastResult": true
  },
  "so long as-[de.conj.sub]-solange": {
    "priorParams": [
      1.1323595610171637,
      0.9999999999999866,
      766072.9240637763
    ],
    "numDrills": 6,
    "lastTime": 1610998301,
    "lastResult": true
  },
  "as soon as-[de.conj.sub]-sobald": {
    "priorParams": [
      1.132337369918296,
      1.000000000000001,
      766072.9240637763
    ],
    "numDrills": 6,
    "lastTime": 1610998288,
    "lastResult": true
  },
  "provided that-[de.conj.sub]-sofern": {
    "priorParams": [
      2.5053927579908426,
      1.392532509720961,
      317790.3451260573
    ],
    "numDrills": 10,
    "lastTime": 1610998190,
    "lastResult": true
  },
  "all the-[de.conj.sub]-umso": {
    "priorParams": [
      1.1322903770030504,
      0.9999999999999994,
      766072.9240637763
    ],
    "numDrills": 7,
    "lastTime": 1610998285,
    "lastResult": true
  },
  "while/during-[de.conj.sub]-w\u00e4hrend": {
    "priorParams": [
      7.452017171677121,
      3.755083561990877,
      131829.09914060746
    ],
    "numDrills": 14,
    "lastTime": 1611260710,
    "lastResult": true
  }
}