{
  "and-[de.conj.coo]-und": {
    "priorParams": [
      1.1842275980680972,
      1.0000000000000204,
      1387669.061826302
    ],
    "numDrills": 8,
    "lastTime": 1611691285,
    "lastResult": true
  },
  "or-[de.conj.coo]-oder": {
    "priorParams": [
      1.1842325939207474,
      0.9999999999999752,
      1387697.8293251742
    ],
    "numDrills": 8,
    "lastTime": 1611691316,
    "lastResult": true
  },
  "but/however-[de.conj.coo]-aber": {
    "priorParams": [
      1.1842381987919586,
      0.9999999999999596,
      1387730.1050383581
    ],
    "numDrills": 8,
    "lastTime": 1611691370,
    "lastResult": true
  },
  "because/since-[de.conj.coo]-denn": {
    "priorParams": [
      3.001054193276023,
      2.946631938252042,
      367053.6412681263
    ],
    "numDrills": 12,
    "lastTime": 1611691305,
    "lastResult": true
  },
  "but (on the contrary)-[de.conj.coo]-sondern": {
    "priorParams": [
      3.3974231799023302,
      3.3660562508785823,
      398636.399337793
    ],
    "numDrills": 19,
    "lastTime": 1611691434,
    "lastResult": true
  },
  "both - and-[de.conj.coo]-sowohl - als": {
    "priorParams": [
      3.028703660938601,
      3.0094954195429056,
      388368.9301414341
    ],
    "numDrills": 15,
    "lastTime": 1611691426,
    "lastResult": true
  },
  "neither - nor-[de.conj.coo]-weder* - noch*": {
    "priorParams": [
      5.515343144217996,
      5.447238878517012,
      169576.08534961252
    ],
    "numDrills": 19,
    "lastTime": 1611691387,
    "lastResult": true
  },
  "either - or-[de.conj.coo]-entweder* - oder": {
    "priorParams": [
      2.5325944732606236,
      2.344976073977563,
      539026.0135120441
    ],
    "numDrills": 14,
    "lastTime": 1611691275,
    "lastResult": true
  },
  "not only - but also-[de.conj.coo]-nicht nur* - sondern auch": {
    "priorParams": [
      3.0774531236393794,
      3.079820497512682,
      348931.8031095924
    ],
    "numDrills": 19,
    "lastTime": 1611691449,
    "lastResult": true
  },
  "that-[de.conj.sub]-dass": {
    "priorParams": [
      1.18422832918064,
      0.9999999999999859,
      1387673.271705151
    ],
    "numDrills": 8,
    "lastTime": 1611691352,
    "lastResult": true
  },
  "as/when-[de.conj.sub]-als": {
    "priorParams": [
      3.0277727461198216,
      2.996911104924899,
      391173.5976515081
    ],
    "numDrills": 13,
    "lastTime": 1611691440,
    "lastResult": true
  },
  "when/if-[de.conj.sub]-wenn": {
    "priorParams": [
      1.1842226020204938,
      0.999999999999816,
      1387640.2943132047
    ],
    "numDrills": 8,
    "lastTime": 1611691309,
    "lastResult": true
  },
  "because-[de.conj.sub]-weil": {
    "priorParams": [
      2.3015423118115743,
      2.095899675691019,
      581402.0681377245
    ],
    "numDrills": 10,
    "lastTime": 1611691349,
    "lastResult": true
  },
  "if-[de.conj.sub]-ob": {
    "priorParams": [
      1.1842236987307255,
      1.000000000000052,
      1387646.6091341965
    ],
    "numDrills": 8,
    "lastTime": 1611691311,
    "lastResult": true
  },
  "although-[de.conj.sub]-obwohl": {
    "priorParams": [
      1.3079655457776107,
      1.2048402489406065,
      1149678.8490743903
    ],
    "numDrills": 14,
    "lastTime": 1611691319,
    "lastResult": true
  },
  "in case/if-[de.conj.sub]-falls": {
    "priorParams": [
      1.1737880201668385,
      1.0000000000000129,
      1329878.9672245423
    ],
    "numDrills": 9,
    "lastTime": 1611691283,
    "lastResult": true
  },
  "because/since-[de.conj.sub]-da": {
    "priorParams": [
      7.4630621288798675,
      7.459616173315318,
      128602.22081673065
    ],
    "numDrills": 27,
    "lastTime": 1611691419,
    "lastResult": true
  },
  "so that-[de.conj.sub]-damit": {
    "priorParams": [
      5.345976044902647,
      5.282293681737327,
      197273.1677347387
    ],
    "numDrills": 25,
    "lastTime": 1611691374,
    "lastResult": true
  },
  "since (time)-[de.conj.sub]-seit": {
    "priorParams": [
      1.173790791840065,
      1.0000000000000244,
      1329893.717732204
    ],
    "numDrills": 9,
    "lastTime": 1611691333,
    "lastResult": true
  },
  "after-[de.conj.sub]-nachdem": {
    "priorParams": [
      2.753492447141399,
      2.729119941478272,
      423495.27152571524
    ],
    "numDrills": 16,
    "lastTime": 1611691438,
    "lastResult": true
  },
  "before-[de.conj.sub]-bevor": {
    "priorParams": [
      3.0115334583986804,
      3.011689634445411,
      316591.9446319895
    ],
    "numDrills": 11,
    "lastTime": 1611691453,
    "lastResult": true
  },
  "while/during-[de.conj.sub]-indem": {
    "priorParams": [
      2.548535808851816,
      2.4465947635043177,
      520830.28630185884
    ],
    "numDrills": 17,
    "lastTime": 1611691377,
    "lastResult": true
  },
  "in order (to)-[de.conj.sub]-um (zu)": {
    "priorParams": [
      4.696937369467079,
      4.604796496907936,
      148356.08212688632
    ],
    "numDrills": 17,
    "lastTime": 1611690028,
    "lastResult": true
  },
  "without (to)-[de.conj.sub]-ohne (zu)": {
    "priorParams": [
      1.1737976547827411,
      1.0000000000000278,
      1329930.2427801886
    ],
    "numDrills": 9,
    "lastTime": 1611691392,
    "lastResult": true
  },
  "especially since-[de.conj.sub]-zumal": {
    "priorParams": [
      4.864172165737768,
      4.780370420368449,
      259103.1907562421
    ],
    "numDrills": 15,
    "lastTime": 1611691314,
    "lastResult": true
  },
  "before/until-[de.conj.sub]-ehe": {
    "priorParams": [
      6.4608737330889205,
      6.39438814993513,
      148349.8205270535
    ],
    "numDrills": 19,
    "lastTime": 1611690047,
    "lastResult": true
  },
  "as well as/as soon as-[de.conj.sub]-sowie": {
    "priorParams": [
      2.034712587269304,
      1.84177250972491,
      558992.4808750725
    ],
    "numDrills": 10,
    "lastTime": 1611691290,
    "lastResult": true
  },
  "so that-[de.conj.sub]-sodass": {
    "priorParams": [
      1.1737183134287517,
      1.0000000000000193,
      1329508.095891811
    ],
    "numDrills": 7,
    "lastTime": 1611691294,
    "lastResult": true
  },
  "so long as-[de.conj.sub]-solange": {
    "priorParams": [
      1.9207378218021576,
      1.9567583901066874,
      475102.31748687994
    ],
    "numDrills": 8,
    "lastTime": 1611691451,
    "lastResult": true
  },
  "as soon as-[de.conj.sub]-sobald": {
    "priorParams": [
      1.1737261044384166,
      0.9999999999999736,
      1329549.5380897247
    ],
    "numDrills": 7,
    "lastTime": 1611691362,
    "lastResult": true
  },
  "provided that-[de.conj.sub]-sofern": {
    "priorParams": [
      1.4770708175486786,
      1.4093936477542683,
      956481.5319815634
    ],
    "numDrills": 12,
    "lastTime": 1611691430,
    "lastResult": true
  },
  "all the-[de.conj.sub]-umso": {
    "priorParams": [
      1.173711050212858,
      1.0000000000000095,
      1329469.4633036214
    ],
    "numDrills": 8,
    "lastTime": 1611691281,
    "lastResult": true
  },
  "while/during-[de.conj.sub]-w\u00e4hrend": {
    "priorParams": [
      3.935863557504078,
      3.8689951428012392,
      316762.06944341306
    ],
    "numDrills": 16,
    "lastTime": 1611691360,
    "lastResult": true
  }
}