{
  "for-[de.prep.akk]-f\u00fcr": {
    "priorParams": [
      1.1365053804296903,
      0.9999999999999808,
      766072.9240637763
    ],
    "numDrills": 4,
    "lastTime": 1611087294,
    "lastResult": true
  },
  "around-[de.prep.akk]-um": {
    "priorParams": [
      1.1364348910568278,
      0.999999999999992,
      766072.9240637763
    ],
    "numDrills": 4,
    "lastTime": 1611087289,
    "lastResult": true
  },
  "at (time)-[de.prep.akk]-um": {
    "priorParams": [
      1.136421837469235,
      0.999999999999986,
      766072.9240637763
    ],
    "numDrills": 4,
    "lastTime": 1611087282,
    "lastResult": true
  },
  "through-[de.prep.akk]-durch": {
    "priorParams": [
      1.1364871054071153,
      0.9999999999999987,
      766072.9240637763
    ],
    "numDrills": 4,
    "lastTime": 1611087315,
    "lastResult": true
  },
  "until/to-[de.prep.akk]-bis": {
    "priorParams": [
      1.1364557767969528,
      1.0000000000000222,
      766072.9240637763
    ],
    "numDrills": 4,
    "lastTime": 1611087285,
    "lastResult": true
  },
  "against-[de.prep.akk]-gegen": {
    "priorParams": [
      2.896031990938863,
      2.8779386333484,
      260206.98049050986
    ],
    "numDrills": 9,
    "lastTime": 1611436088,
    "lastResult": true
  },
  "without-[de.prep.akk]-ohne": {
    "priorParams": [
      1.1365249608110495,
      0.9999999999999916,
      766072.9240637763
    ],
    "numDrills": 4,
    "lastTime": 1611087313,
    "lastResult": true
  },
  "per/by-[de.prep.akk]-per": {
    "priorParams": [
      1.1364623035907406,
      1.0000000000000326,
      766072.9240637763
    ],
    "numDrills": 4,
    "lastTime": 1611087318,
    "lastResult": true
  },
  "contrary to/against-[de.prep.akk]-wider": {
    "priorParams": [
      2.349303453808022,
      2.2006337046416595,
      419698.18040477636
    ],
    "numDrills": 9,
    "lastTime": 1611436057,
    "lastResult": true
  },
  "per-[de.prep.akk]-pro": {
    "priorParams": [
      1.1363931195765955,
      1.0000000000000153,
      766072.9240637763
    ],
    "numDrills": 4,
    "lastTime": 1611087288,
    "lastResult": true
  },
  "along-[de.prep.akk]-entlang": {
    "priorParams": [
      1.13637745527151,
      1.0000000000000078,
      766072.9240637763
    ],
    "numDrills": 4,
    "lastTime": 1611087292,
    "lastResult": true
  },
  "to-[de.prep.dat]-zu": {
    "priorParams": [
      0.9115868451472245,
      0.9999999999999878,
      766072.9240637763
    ],
    "numDrills": 4,
    "lastTime": 1611087230,
    "lastResult": true
  },
  "from-[de.prep.dat]-von": {
    "priorParams": [
      0.9115907612234991,
      1.0000000000000124,
      766072.9240637763
    ],
    "numDrills": 4,
    "lastTime": 1611087238,
    "lastResult": true
  },
  "with-[de.prep.dat]-mit": {
    "priorParams": [
      0.9115829290709377,
      0.9999999999999679,
      766072.9240637763
    ],
    "numDrills": 4,
    "lastTime": 1611087235,
    "lastResult": true
  },
  "by/near-[de.prep.dat]-bei": {
    "priorParams": [
      0.9116142576811141,
      0.9999999999999584,
      766072.9240637763
    ],
    "numDrills": 4,
    "lastTime": 1611087262,
    "lastResult": true
  },
  "after/to-[de.prep.dat]-nach": {
    "priorParams": [
      0.9115724862008776,
      1.0000000000000266,
      766072.9240637763
    ],
    "numDrills": 4,
    "lastTime": 1611087234,
    "lastResult": true
  },
  "out of/from-[de.prep.dat]-aus": {
    "priorParams": [
      0.9115620433308174,
      1.0000000000000113,
      766072.9240637763
    ],
    "numDrills": 4,
    "lastTime": 1611087242,
    "lastResult": true
  },
  "since (time)-[de.prep.dat]-seit": {
    "priorParams": [
      0.9115072182630298,
      0.9999999999999547,
      766072.9240637763
    ],
    "numDrills": 4,
    "lastTime": 1611087203,
    "lastResult": true
  },
  "opposite-[de.prep.dat]-gegen\u00fcber": {
    "priorParams": [
      0.9115281040031467,
      0.9999999999999919,
      766072.9240637763
    ],
    "numDrills": 4,
    "lastTime": 1611087225,
    "lastResult": true
  },
  "from on-[de.prep.dat]-ab": {
    "priorParams": [
      7.235095826365898,
      7.168858925909214,
      68136.95592042936
    ],
    "numDrills": 18,
    "lastTime": 1611604193,
    "lastResult": true
  },
  "aside from/except-[de.prep.dat]-au\u00dfer": {
    "priorParams": [
      1.2317633688141927,
      1.1778292374533754,
      882909.752574201
    ],
    "numDrills": 8,
    "lastTime": 1611604391,
    "lastResult": true
  },
  "in accordance with-[de.prep.dat]-gem\u00e4\u00df": {
    "priorParams": [
      7.545927255954038,
      7.474234220973293,
      60409.46473477617
    ],
    "numDrills": 19,
    "lastTime": 1611604139,
    "lastResult": true
  },
  "corresponding with-[de.prep.dat]-entsprechend": {
    "priorParams": [
      0.9114589199890188,
      1.0000000000000013,
      766072.9240637763
    ],
    "numDrills": 4,
    "lastTime": 1611087194,
    "lastResult": true
  },
  "according to-[de.prep.dat]-zufolge": {
    "priorParams": [
      10.022651589619441,
      9.909721590989145,
      28281.349837883048
    ],
    "numDrills": 19,
    "lastTime": 1611602040,
    "lastResult": true
  },
  "together with-[de.prep.dat]-samt": {
    "priorParams": [
      3.814746521313715,
      3.7039446166159498,
      140612.01073694893
    ],
    "numDrills": 13,
    "lastTime": 1611604182,
    "lastResult": true
  },
  "into; in-[de.prep.wex]-in": {
    "priorParams": [
      1.0896395959839968,
      1.0000000000002154,
      876375.0909195148
    ],
    "numDrills": 5,
    "lastTime": 1611604396,
    "lastResult": true
  },
  "onto; on-[de.prep.wex]-auf": {
    "priorParams": [
      2.300405526486001,
      2.544733199233705,
      160599.14245611682
    ],
    "numDrills": 8,
    "lastTime": 1611604363,
    "lastResult": false
  },
  "to; at-[de.prep.wex]-an": {
    "priorParams": [
      4.5164615762684,
      4.422313930611978,
      77034.48251816521
    ],
    "numDrills": 12,
    "lastTime": 1611604180,
    "lastResult": true
  },
  "over/above-[de.prep.wex]-\u00fcber": {
    "priorParams": [
      1.0896437288018406,
      0.9999999999999767,
      876386.4506888271
    ],
    "numDrills": 5,
    "lastTime": 1611604424,
    "lastResult": true
  },
  "before/afront-[de.prep.wex]-vor": {
    "priorParams": [
      1.2814707979572388,
      1.0000000000000393,
      745078.2347299946
    ],
    "numDrills": 6,
    "lastTime": 1611604398,
    "lastResult": true
  },
  "under/below-[de.prep.wex]-unter": {
    "priorParams": [
      1.0896259053214024,
      0.9999999999999577,
      876337.4616339707
    ],
    "numDrills": 5,
    "lastTime": 1611604485,
    "lastResult": true
  },
  "between-[de.prep.wex]-zwischen": {
    "priorParams": [
      1.2814736900423898,
      0.9999999999999528,
      745092.160236562
    ],
    "numDrills": 6,
    "lastTime": 1611604428,
    "lastResult": true
  },
  "next to/beside-[de.prep.wex]-neben": {
    "priorParams": [
      1.0896036879871949,
      0.9999999999999882,
      876276.4026283404
    ],
    "numDrills": 5,
    "lastTime": 1611604388,
    "lastResult": true
  },
  "behind-[de.prep.wex]-hinter": {
    "priorParams": [
      1.2814836669378105,
      1.000000000000211,
      745140.203215945
    ],
    "numDrills": 6,
    "lastTime": 1611604483,
    "lastResult": true
  },
  "because (of)-[de.prep.gen]-wegen": {
    "priorParams": [
      4.399715522099572,
      4.266558879369618,
      112478.37616958775
    ],
    "numDrills": 16,
    "lastTime": 1611604135,
    "lastResult": true
  },
  "inside (of)-[de.prep.gen]-innerhalb": {
    "priorParams": [
      1.7828975236848998,
      0.9999999999999994,
      221638.64986658545
    ],
    "numDrills": 4,
    "lastTime": 1611225729,
    "lastResult": true
  },
  "on grounds (of)-[de.prep.gen]-aufgrund": {
    "priorParams": [
      2.4082728515890826,
      2.2631224197404003,
      173685.04534146536
    ],
    "numDrills": 11,