{
  "for-[de.prep.akk]-f\u00fcr": {
    "priorParams": [
      1.1365053804296903,
      0.9999999999999808,
      766072.9240637763
    ],
    "numDrills": 4,
    "lastTime": 1611087294,
    "lastResult": true
  },
  "around-[de.prep.akk]-um": {
    "priorParams": [
      1.1364348910568278,
      0.999999999999992,
      766072.9240637763
    ],
    "numDrills": 4,
    "lastTime": 1611087289,
    "lastResult": true
  },
  "at (time)-[de.prep.akk]-um": {
    "priorParams": [
      1.136421837469235,
      0.999999999999986,
      766072.9240637763
    ],
    "numDrills": 4,
    "lastTime": 1611087282,
    "lastResult": true
  },
  "through-[de.prep.akk]-durch": {
    "priorParams": [
      1.1364871054071153,
      0.9999999999999987,
      766072.9240637763
    ],
    "numDrills": 4,
    "lastTime": 1611087315,
    "lastResult": true
  },
  "until/to-[de.prep.akk]-bis": {
    "priorParams": [
      1.1364557767969528,
      1.0000000000000222,
      766072.9240637763
    ],
    "numDrills": 4,
    "lastTime": 1611087285,
    "lastResult": true
  },
  "against-[de.prep.akk]-gegen": {
    "priorParams": [
      3.050457274223199,
      2.915643420351404,
      367125.563098668
    ],
    "numDrills": 10,
    "lastTime": 1611862927,
    "lastResult": true
  },
  "without-[de.prep.akk]-ohne": {
    "priorParams": [
      1.1365249608110495,
      0.9999999999999916,
      766072.9240637763
    ],
    "numDrills": 4,
    "lastTime": 1611087313,
    "lastResult": true
  },
  "per/by-[de.prep.akk]-per": {
    "priorParams": [
      1.1364623035907406,
      1.0000000000000326,
      766072.9240637763
    ],
    "numDrills": 4,
    "lastTime": 1611087318,
    "lastResult": true
  },
  "contrary to/against-[de.prep.akk]-wider": {
    "priorParams": [
      2.349303453808022,
      2.2006337046416595,
      419698.18040477636
    ],
    "numDrills": 9,
    "lastTime": 1611436057,
    "lastResult": true
  },
  "per-[de.prep.akk]-pro": {
    "priorParams": [
      1.1363931195765955,
      1.0000000000000153,
      766072.9240637763
    ],
    "numDrills": 4,
    "lastTime": 1611087288,
    "lastResult": true
  },
  "along-[de.prep.akk]-entlang": {
    "priorParams": [
      1.13637745527151,
      1.0000000000000078,
      766072.9240637763
    ],
    "numDrills": 4,
    "lastTime": 1611087292,
    "lastResult": true
  },
  "to-[de.prep.dat]-zu": {
    "priorParams": [
      1.1618082599525144,
      0.9999999999999742,
      1268829.8498241343
    ],
    "numDrills": 5,
    "lastTime": 1611863025,
    "lastResult": true
  },
  "from-[de.prep.dat]-von": {
    "priorParams": [
      1.1618173397078495,
      1.0000000000000244,
      1268874.1591434064
    ],
    "numDrills": 5,
    "lastTime": 1611863093,
    "lastResult": true
  },
  "with-[de.prep.dat]-mit": {
    "priorParams": [
      1.161825121883293,
      0.9999999999999619,
      1268912.1385241337
    ],
    "numDrills": 5,
    "lastTime": 1611863150,
    "lastResult": true
  },
  "by/near-[de.prep.dat]-bei": {
    "priorParams": [
      1.1618231043240457,
      0.9999999999999478,
      1268902.2920212212
    ],
    "numDrills": 5,
    "lastTime": 1611863139,
    "lastResult": true
  },
  "after/to-[de.prep.dat]-nach": {
    "priorParams": [
      1.1618183485329423,
      1.0000000000000226,
      1268879.0823982921
    ],
    "numDrills": 5,
    "lastTime": 1611863110,
    "lastResult": true
  },
  "out of/from-[de.prep.dat]-aus": {
    "priorParams": [
      1.858522405865219,
      1.9096658212664763,
      409762.1722344728
    ],
    "numDrills": 6,
    "lastTime": 1611863173,
    "lastResult": true
  },
  "since (time)-[de.prep.dat]-seit": {
    "priorParams": [
      1.161803647786203,
      0.9999999999999308,
      1268807.3434860075
    ],
    "numDrills": 5,
    "lastTime": 1611863027,
    "lastResult": true
  },
  "opposite-[de.prep.dat]-gegen\u00fcber": {
    "priorParams": [
      1.1618128719657872,
      0.9999999999999666,
      1268852.3561506614
    ],
    "numDrills": 5,
    "lastTime": 1611863097,
    "lastResult": true
  },
  "from on-[de.prep.dat]-ab": {
    "priorParams": [
      7.367771392358769,
      7.264409118148686,
      86629.41854185247
    ],
    "numDrills": 19,
    "lastTime": 1611785029,
    "lastResult": true
  },
  "aside from/except-[de.prep.dat]-au\u00dfer": {
    "priorParams": [
      1.2317633688141927,
      1.1778292374533754,
      882909.752574201
    ],
    "numDrills": 8,
    "lastTime": 1611604391,
    "lastResult": true
  },
  "in accordance with-[de.prep.dat]-gem\u00e4\u00df": {
    "priorParams": [
      7.724852110301458,
      7.629984010714861,
      85873.0574183168
    ],
    "numDrills": 21,
    "lastTime": 1611862720,
    "lastResult": true
  },
  "corresponding with-[de.prep.dat]-entsprechend": {
    "priorParams": [
      1.1618111424787794,
      1.0000000000000073,
      1268843.916279565
    ],
    "numDrills": 5,
    "lastTime": 1611863107,
    "lastResult": true
  },
  "according to-[de.prep.dat]-zufolge": {
    "priorParams": [
      11.445745880755256,
      11.369853347991517,
      31892.825516683526
    ],
    "numDrills": 23,
    "lastTime": 1611862745,
    "lastResult": true
  },
  "together with-[de.prep.dat]-samt": {
    "priorParams": [
      3.884154643735647,
      3.7556236052929513,
      193437.84206804185
    ],
    "numDrills": 14,
    "lastTime": 1611862816,
    "lastResult": true
  },
  "into; in-[de.prep.wex]-in": {
    "priorParams": [
      1.0896395959839968,
      1.0000000000002154,
      876375.0909195148
    ],
    "numDrills": 5,
    "lastTime": 1611604396,
    "lastResult": true
  },
  "onto; on-[de.prep.wex]-auf": {
    "priorParams": [
      2.657876121550445,
      2.567260884215564,
      200397.8810937184
    ],
    "numDrills": 9,
    "lastTime": 1611785116,
    "lastResult": true
  },
  "to; at-[de.prep.wex]-an": {
    "priorParams": [
      4.623937635937162,
      4.489599150754195,
      107375.63160337579
    ],
    "numDrills": 13,
    "lastTime": 1611785043,
    "lastResult": true
  },
  "over/above-[de.prep.wex]-\u00fcber": {
    "priorParams": [
      1.0896437288018406,
      0.9999999999999767,
      876386.4506888271
    ],
    "numDrills": 5,
    "lastTime": 1611604424,
    "lastResult": true
  },
  "before/afront-[de.prep.wex]-vor": {
    "priorParams": [
      1.2814707979572388,
      1.0000000000000393,
      745078.2347299946
    ],
    "numDrills": 6,
    "lastTime": 1611604398,
    "lastResult": true
  },
  "under/below-[de.prep.wex]-unter": {
    "priorParams": [
      1.0896259053214024,
      0.9999999999999577,
      876337.4616339707
    ],
    "numDrills": 5,
    "lastTime": 1611604485,
    "lastResult": true
  },
  "between-[de.prep.wex]-zwischen": {
    "priorParams": [
      1.2814736900423898,
      0.9999999999999528,
      745092.160236562
    ],
    "numDrills": 6,
    "lastTime": 1611604428,
    "lastResult": true
  },
  "next to/beside-[de.prep.wex]-neben": {
    "priorParams": [
      1.0896036879871949,
      0.9999999999999882,
      876276.4026283404
    ],
    "numDrills": 5,
    "lastTime": 1611604388,
    "lastResult": true
  },
  "behind-[de.prep.wex]-hinter": {
    "priorParams": [
      1.2814836669378105,
      1.000000000000211,
      745140.203215945
    ],
    "numDrills": 6,
    "lastTime": 1611604483,
    "lastResult": true
  },
  "because (of)-[de.prep.gen]-wegen": {
    "priorParams": [
      4.469167865049375,
      4.331968072826527,
      158213.45566908768
    ],
    "numDrills": 17,
    "lastTime": 1611862800,
    "lastResult": true
  },
  "inside (of)-[de.prep.gen]-innerhalb": {
    "priorParams": [
      1.3069400414766763,
      1.000000000000099,
      789873.2667442975
    ],
    "numDrills": 5,
    "lastTime": 1611862887,
    "lastResult": true
  },
  "on grounds (of)-[de.prep.gen]-aufgrund": {
    "priorParams": [
      2.4457905254313856,
      2.291488670044505,
      262941.5302677251
    ],
    "numDrills": 12,