{
  "for-[de.prep.akk]-f\u00fcr": {
    "priorParams": [
      1.1365053804296903,
      0.9999999999999808,
      766072.9240637763
    ],
    "numDrills": 4,
    "lastTime": 1611087294,
    "lastResult": true
  },
  "around-[de.prep.akk]-um": {
    "priorParams": [
      1.1364348910568278,
      0.999999999999992,
      766072.9240637763
    ],
    "numDrills": 4,
    "lastTime": 1611087289,
    "lastResult": true
  },
  "at (time)-[de.prep.akk]-um": {
    "priorParams": [
      1.136421837469235,
      0.999999999999986,
      766072.9240637763
    ],
    "numDrills": 4,
    "lastTime": 1611087282,
    "lastResult": true
  },
  "through-[de.prep.akk]-durch": {
    "priorParams": [
      1.1364871054071153,
      0.9999999999999987,
      766072.9240637763
    ],
    "numDrills": 4,
    "lastTime": 1611087315,
    "lastResult": true
  },
  "until/to-[de.prep.akk]-bis": {
    "priorParams": [
      1.1364557767969528,
      1.0000000000000222,
      766072.9240637763
    ],
    "numDrills": 4,
    "lastTime": 1611087285,
    "lastResult": true
  },
  "against-[de.prep.akk]-gegen": {
    "priorParams": [
      2.1940121212662342,
      2.8719172270949285,
      249925.49648284746
    ],
    "numDrills": 8,
    "lastTime": 1611225664,
    "lastResult": true
  },
  "without-[de.prep.akk]-ohne": {
    "priorParams": [
      1.1365249608110495,
      0.9999999999999916,
      766072.9240637763
    ],
    "numDrills": 4,
    "lastTime": 1611087313,
    "lastResult": true
  },
  "per/by-[de.prep.akk]-per": {
    "priorParams": [
      1.1364623035907406,
      1.0000000000000326,
      766072.9240637763
    ],
    "numDrills": 4,
    "lastTime": 1611087318,
    "lastResult": true
  },
  "contrary to/against-[de.prep.akk]-wider": {
    "priorParams": [
      2.4317864138496463,
      2.1749195088745235,
      281822.4792011548
    ],
    "numDrills": 8,
    "lastTime": 1611087265,
    "lastResult": true
  },
  "per-[de.prep.akk]-pro": {
    "priorParams": [
      1.1363931195765955,
      1.0000000000000153,
      766072.9240637763
    ],
    "numDrills": 4,
    "lastTime": 1611087288,
    "lastResult": true
  },
  "along-[de.prep.akk]-entlang": {
    "priorParams": [
      1.13637745527151,
      1.0000000000000078,
      766072.9240637763
    ],
    "numDrills": 4,
    "lastTime": 1611087292,
    "lastResult": true
  },
  "to-[de.prep.dat]-zu": {
    "priorParams": [
      0.9115868451472245,
      0.9999999999999878,
      766072.9240637763
    ],
    "numDrills": 4,
    "lastTime": 1611087230,
    "lastResult": true
  },
  "from-[de.prep.dat]-von": {
    "priorParams": [
      0.9115907612234991,
      1.0000000000000124,
      766072.9240637763
    ],
    "numDrills": 4,
    "lastTime": 1611087238,
    "lastResult": true
  },
  "with-[de.prep.dat]-mit": {
    "priorParams": [
      0.9115829290709377,
      0.9999999999999679,
      766072.9240637763
    ],
    "numDrills": 4,
    "lastTime": 1611087235,
    "lastResult": true
  },
  "by/near-[de.prep.dat]-bei": {
    "priorParams": [
      0.9116142576811141,
      0.9999999999999584,
      766072.9240637763
    ],
    "numDrills": 4,
    "lastTime": 1611087262,
    "lastResult": true
  },
  "after/to-[de.prep.dat]-nach": {
    "priorParams": [
      0.9115724862008776,
      1.0000000000000266,
      766072.9240637763
    ],
    "numDrills": 4,
    "lastTime": 1611087234,
    "lastResult": true
  },
  "out of/from-[de.prep.dat]-aus": {
    "priorParams": [
      0.9115620433308174,
      1.0000000000000113,
      766072.9240637763
    ],
    "numDrills": 4,
    "lastTime": 1611087242,
    "lastResult": true
  },
  "since (time)-[de.prep.dat]-seit": {
    "priorParams": [
      0.9115072182630298,
      0.9999999999999547,
      766072.9240637763
    ],
    "numDrills": 4,
    "lastTime": 1611087203,
    "lastResult": true
  },
  "opposite-[de.prep.dat]-gegen\u00fcber": {
    "priorParams": [
      0.9115281040031467,
      0.9999999999999919,
      766072.9240637763
    ],
    "numDrills": 4,
    "lastTime": 1611087225,
    "lastResult": true
  },
  "from on-[de.prep.dat]-ab": {
    "priorParams": [
      8.39055439705254,
      6.054431441138642,
      43008.24636749587
    ],
    "numDrills": 15,
    "lastTime": 1611350718,
    "lastResult": true
  },
  "aside from/except-[de.prep.dat]-au\u00dfer": {
    "priorParams": [
      0.7511220206498833,
      1.1760960261965998,
      766072.9240637763
    ],
    "numDrills": 7,
    "lastTime": 1611087332,
    "lastResult": true
  },
  "in accordance with-[de.prep.dat]-gem\u00e4\u00df": {
    "priorParams": [
      9.699407456273251,
      6.347108484568173,
      33823.737854557214
    ],
    "numDrills": 16,
    "lastTime": 1611350746,
    "lastResult": true
  },
  "corresponding with-[de.prep.dat]-entsprechend": {
    "priorParams": [
      0.9114589199890188,
      1.0000000000000013,
      766072.9240637763
    ],
    "numDrills": 4,
    "lastTime": 1611087194,
    "lastResult": true
  },
  "according to-[de.prep.dat]-zufolge": {
    "priorParams": [
      7.934636949790675,
      8.762240937712203,
      14031.115039588809
    ],
    "numDrills": 15,
    "lastTime": 1611351413,
    "lastResult": true
  },
  "together with-[de.prep.dat]-samt": {
    "priorParams": [
      3.0119860601589274,
      3.6513689089086667,
      103676.69615807125
    ],
    "numDrills": 11,
    "lastTime": 1611350728,
    "lastResult": true
  },
  "into; in-[de.prep.wex]-in": {
    "priorParams": [
      0.644312127625667,
      1.0000000000002092,
      679367.9355579293
    ],
    "numDrills": 4,
    "lastTime": 1611087188,
    "lastResult": true
  },
  "onto; on-[de.prep.wex]-auf": {
    "priorParams": [
      1.3610205611996553,
      1.648926697562411,
      249925.49648284746
    ],
    "numDrills": 7,
    "lastTime": 1611350849,
    "lastResult": true
  },
  "to; at-[de.prep.wex]-an": {
    "priorParams": [
      2.2350924686109495,
      3.574077268086197,
      81536.30265491242
    ],
    "numDrills": 9,
    "lastTime": 1611351513,
    "lastResult": true
  },
  "over/above-[de.prep.wex]-\u00fcber": {
    "priorParams": [
      0.6442620811071204,
      0.9999999999999929,
      679367.9355579293
    ],
    "numDrills": 4,
    "lastTime": 1611087166,
    "lastResult": true
  },
  "before/afront-[de.prep.wex]-vor": {
    "priorParams": [
      1.7511858780284035,
      1.0000000000000193,
      249925.49648284746
    ],
    "numDrills": 5,
    "lastTime": 1611087268,
    "lastResult": true
  },
  "under/below-[de.prep.wex]-unter": {
    "priorParams": [
      0.6440736706842675,
      0.9999999999999719,
      679367.9355579293
    ],
    "numDrills": 4,
    "lastTime": 1611087168,
    "lastResult": true
  },
  "between-[de.prep.wex]-zwischen": {
    "priorParams": [
      1.7510618410636365,
      0.9999999999999618,
      249925.49648284746
    ],
    "numDrills": 5,
    "lastTime": 1611087247,
    "lastResult": true
  },
  "next to/beside-[de.prep.wex]-neben": {
    "priorParams": [
      0.6440825024228577,
      0.9999999999999972,
      679367.9355579293
    ],
    "numDrills": 4,
    "lastTime": 1611087163,
    "lastResult": true
  },
  "behind-[de.prep.wex]-hinter": {
    "priorParams": [
      1.7511258601422692,
      1.0000000000002245,
      249925.49648284746
    ],
    "numDrills": 5,
    "lastTime": 1611087249,
    "lastResult": true
  },
  "because (of)-[de.prep.gen]-wegen": {
    "priorParams": [
      7.2520110507793305,
      4.115039444038759,
      43008.24636749586
    ],
    "numDrills": 14,
    "lastTime": 1611350743,
    "lastResult": true
  },
  "inside (of)-[de.prep.gen]-innerhalb": {
    "priorParams": [
      1.7828975236848998,
      0.9999999999999994,
      221638.64986658545
    ],
    "numDrills": 4,
    "lastTime": 1611225729,
    "lastResult": true
  },
  "on grounds (of)-[de.prep.gen]-aufgrund": {
    "priorParams": [
      1.8332804013607353,
      2.225015000923447,
      103676.69615807125
    ],
    "numDrills": 9,