{
  "the-[de.art.der]-der": {
    "priorParams": [
      1.6674903763472184,
      1.0000000000000042,
      81536.30265491242
    ],
    "numDrills": 2,
    "lastTime": 1610133766,
    "lastResult": true
  },
  "this/these-[de.art.der]-dieser": {
    "priorParams": [
      1.6678951040442638,
      0.9999999999999962,
      81536.30265491242
    ],
    "numDrills": 2,
    "lastTime": 1610133787,
    "lastResult": true
  },
  "that/those-[de.art.der]-jener": {
    "priorParams": [
      1.6675394342498806,
      0.9999999999999982,
      81536.30265491242
    ],
    "numDrills": 2,
    "lastTime": 1610133778,
    "lastResult": true
  },
  "some/few a-[de.art.der]-einiger": {
    "priorParams": [
      1.6679073685199346,
      1.0,
      81536.30265491242
    ],
    "numDrills": 2,
    "lastTime": 1610133791,
    "lastResult": true
  },
  "some/many a-[de.art.der]-mancher": {
    "priorParams": [
      1.6674903763472124,
      1.0000000000000009,
      81536.30265491242
    ],
    "numDrills": 2,
    "lastTime": 1610133770,
    "lastResult": true
  },
  "some or other-[de.art.der]-irgendwelcher": {
    "priorParams": [
      1.6677356658605829,
      1.000000000000002,
      81536.30265491242
    ],
    "numDrills": 2,
    "lastTime": 1610133784,
    "lastResult": true
  },
  "every/each-[de.art.der]-jeder": {
    "priorParams": [
      1.6702744123241828,
      1.000000000000207,
      81536.30265491242
    ],
    "numDrills": 4,
    "lastTime": 1610183875,
    "lastResult": true
  },
  "such a-[de.art.der]-solcher": {
    "priorParams": [
      1.6702130899453445,
      0.9999999999997975,
      81536.30265491242
    ],
    "numDrills": 4,
    "lastTime": 1610183859,
    "lastResult": true
  },
  "which-[de.art.der]-welcher": {
    "priorParams": [
      1.6673677315903215,
      0.9999999999998136,
      81536.30265491242
    ],
    "numDrills": 5,
    "lastTime": 1610183588,
    "lastResult": true
  },
  "every/entire-[de.art.der]-s\u00e4mtliche": {
    "priorParams": [
      3.412527536308533,
      2.0826094564751254,
      33823.737854557214
    ],
    "numDrills": 5,
    "lastTime": 1610176138,
    "lastResult": true
  },
  "all-[de.art.der]-alle": {
    "priorParams": [
      1.6666686564776292,
      1.0000000000001785,
      81536.30265491242
    ],
    "numDrills": 4,
    "lastTime": 1610183590,
    "lastResult": true
  },
  "both-[de.art.der]-beider": {
    "priorParams": [
      0.938279531271614,
      1.1836808472525542,
      91942.4519806052
    ],
    "numDrills": 9,
    "lastTime": 1610220212,
    "lastResult": true
  },
  "an-[de.art.ein]-ein": {
    "priorParams": [
      1.6706546110694593,
      0.9999999999998067,
      81536.30265491242
    ],
    "numDrills": 4,
    "lastTime": 1610183853,
    "lastResult": true
  },
  "no-[de.art.ein]-kein": {
    "priorParams": [
      1.6712187769503506,
      0.9999999999999792,
      81536.30265491242
    ],
    "numDrills": 4,
    "lastTime": 1610183943,
    "lastResult": true
  },
  "my-[de.art.ein]-mein": {
    "priorParams": [
      1.667613021103903,
      1.0000000000000064,
      81536.30265491242
    ],
    "numDrills": 4,
    "lastTime": 1610183567,
    "lastResult": true
  },
  "your (singular)-[de.art.ein]-dein": {
    "priorParams": [
      1.6704215860321547,
      1.0000000000001823,
      81536.30265491242
    ],
    "numDrills": 4,
    "lastTime": 1610183881,
    "lastResult": true
  },
  "his/its (m)-[de.art.ein]-sein": {
    "priorParams": [
      1.6671469710284381,
      0.9999999999999883,
      81536.30265491242
    ],
    "numDrills": 4,
    "lastTime": 1610183594,
    "lastResult": true
  },
  "its (n)-[de.art.ein]-sein": {
    "priorParams": [
      1.671169719047516,
      0.9999999999998157,
      81536.30265491242
    ],
    "numDrills": 4,
    "lastTime": 1610183934,
    "lastResult": true
  },
  "her/its (f)-[de.art.ein]-ihr": {
    "priorParams": [
      1.6708753716319418,
      1.0000000000002105,
      81536.30265491242
    ],
    "numDrills": 4,
    "lastTime": 1610183868,
    "lastResult": true
  },
  "our-[de.art.ein]-unser": {
    "priorParams": [
      1.6710102808637892,
      0.9999999999997965,
      81536.30265491242
    ],
    "numDrills": 4,
    "lastTime": 1610183939,
    "lastResult": true
  },
  "your (plural)-[de.art.ein]-euer": {
    "priorParams": [
      3.0430580823527626,
      2.7586341218246724,
      14031.115039588809
    ],
    "numDrills": 12,
    "lastTime": 1610220210,
    "lastResult": false
  },
  "their-[de.art.ein]-ihr": {
    "priorParams": [
      1.6719546454907568,
      1.0000000000002114,
      81536.30265491242
    ],
    "numDrills": 5,
    "lastTime": 1610183931,
    "lastResult": true
  },
  "your (formal)-[de.art.ein]-Ihr": {
    "priorParams": [
      1.6712678348530232,
      0.9999999999999784,
      81536.30265491242
    ],
    "numDrills": 4,
    "lastTime": 1610183937,
    "lastResult": true
  },
  "someone's-[de.art.ein]-irgendein": {
    "priorParams": [
      1.6714640664635236,
      0.9999999999997835,
      81536.30265491242
    ],
    "numDrills": 5,
    "lastTime": 1610183911,
    "lastResult": true
  },
  "and-[de.conj.coo]-und": {
    "priorParams": [
      1.6630506361553097,
      1.0000000000000238,
      81536.30265491242
    ],
    "numDrills": 3,
    "lastTime": 1610183568,
    "lastResult": true
  },
  "or-[de.conj.coo]-oder": {
    "priorParams": [
      1.6633817769983104,
      1.0000000000000013,
      81536.30265491242
    ],
    "numDrills": 3,
    "lastTime": 1610183585,
    "lastResult": true
  },
  "but/however-[de.conj.coo]-aber": {
    "priorParams": [
      1.6667790367583943,
      0.9999999999999752,
      81536.30265491242
    ],
    "numDrills": 3,
    "lastTime": 1610183870,
    "lastResult": true
  },
  "because/since-[de.conj.coo]-denn": {
    "priorParams": [
      1.6666563920017672,
      1.0000000000000018,
      81536.30265491242
    ],
    "numDrills": 3,
    "lastTime": 1610183894,
    "lastResult": true
  },
  "but (on the contrary)-[de.conj.coo]-sondern": {
    "priorParams": [
      3.8429151919692526,
      3.0038008416622004,
      30778.558567747586
    ],
    "numDrills": 9,
    "lastTime": 1610220190,
    "lastResult": true
  },
  "both - and-[de.conj.coo]-sowohl - als": {
    "priorParams": [
      3.5130509384585555,
      1.9672590843107431,
      34706.70181261748
    ],
    "numDrills": 6,
    "lastTime": 1610220030,
    "lastResult": true
  },
  "neither - nor-[de.conj.coo]-weder* - noch*": {
    "priorParams": [
      0.5598978432124012,
      0.9999999999999937,
      81536.30265491242
    ],
    "numDrills": 4,
    "lastTime": 1610175934,
    "lastResult": true
  },
  "either - or-[de.conj.coo]-entweder* - oder": {
    "priorParams": [
      2.3352073212090922,
      2.1403171586112966,
      33823.737854557214
    ],
    "numDrills": 7,
    "lastTime": 1610220199,
    "lastResult": true
  },
  "not only - but also-[de.conj.coo]-nicht nur* - sondern auch": {
    "priorParams": [
      1.096122585165396,
      1.9790036181962631,
      39136.17813058284
    ],
    "numDrills": 11,
    "lastTime": 1610220223,
    "lastResult": false
  },
  "that-[de.conj.sub]-dass": {
    "priorParams": [
      1.6659082589859409,
      0.9999999999999748,
      81536.30265491242
    ],
    "numDrills": 3,
    "lastTime": 1610183862,
    "lastResult": true
  },
  "as/when-[de.conj.sub]-als": {
    "priorParams": [
      3.7250492568870492,
      1.9677390465280828,
      33823.737854557214
    ],
    "numDrills": 4,
    "lastTime": 1610220022,
    "lastResult": true
  },
  "when/if-[de.conj.sub]-wenn": {
    "priorParams": [
      1.6661658129748314,
      0.9999999999998223,
      81536.30265491242
    ],
    "numDrills": 3,
    "lastTime": 1610183887,
    "lastResult": true
  },
  "because-[de.conj.sub]-weil": {
    "priorParams": [
      3.7181777304233194,
      1.9670469583287988,
      33823.737854557214
    ],
    "numDrills": 4,