{
  "the-[de.art.der]-der": {
    "priorParams": [
      0.5807677686112386,
      1.0000000000000067,
      679367.9355579293
    ],
    "numDrills": 3,
    "lastTime": 1610392360,
    "lastResult": true
  },
  "this/these-[de.art.der]-dieser": {
    "priorParams": [
      0.5808369505633724,
      0.999999999999998,
      679367.9355579293
    ],
    "numDrills": 3,
    "lastTime": 1610392395,
    "lastResult": true
  },
  "that/those-[de.art.der]-jener": {
    "priorParams": [
      0.580873749474093,
      1.00000000000002,
      679367.9355579293
    ],
    "numDrills": 3,
    "lastTime": 1610392440,
    "lastResult": true
  },
  "some/few a-[de.art.der]-einiger": {
    "priorParams": [
      0.5808943568640802,
      1.0000000000000027,
      679367.9355579293
    ],
    "numDrills": 3,
    "lastTime": 1610392437,
    "lastResult": true
  },
  "some/many a-[de.art.der]-mancher": {
    "priorParams": [
      0.580792791870521,
      1.000000000000002,
      679367.9355579293
    ],
    "numDrills": 3,
    "lastTime": 1610392381,
    "lastResult": true
  },
  "some or other-[de.art.der]-irgendwelcher": {
    "priorParams": [
      1.9117064800216699,
      1.7746416115965122,
      81536.30265491242
    ],
    "numDrills": 4,
    "lastTime": 1610392765,
    "lastResult": true
  },
  "every/each-[de.art.der]-jeder": {
    "priorParams": [
      1.8796567074024642,
      1.8341583769585805,
      81536.30265491242
    ],
    "numDrills": 6,
    "lastTime": 1610392734,
    "lastResult": true
  },
  "such a-[de.art.der]-solcher": {
    "priorParams": [
      1.3801833140448228,
      0.9999999999997994,
      249925.49648284746
    ],
    "numDrills": 5,
    "lastTime": 1610392619,
    "lastResult": true
  },
  "which-[de.art.der]-welcher": {
    "priorParams": [
      1.380115293773797,
      0.9999999999997936,
      249925.49648284746
    ],
    "numDrills": 6,
    "lastTime": 1610392563,
    "lastResult": true
  },
  "every/entire-[de.art.der]-s\u00e4mtliche": {
    "priorParams": [
      2.1435073204126027,
      2.125062205201859,
      103676.69615807125
    ],
    "numDrills": 6,
    "lastTime": 1610307903,
    "lastResult": true
  },
  "all-[de.art.der]-alle": {
    "priorParams": [
      1.3799192353457206,
      1.0000000000001903,
      249925.49648284746
    ],
    "numDrills": 5,
    "lastTime": 1610392573,
    "lastResult": true
  },
  "both-[de.art.der]-beider": {
    "priorParams": [
      0.8835267158554655,
      1.193989988085401,
      281822.4792011548
    ],
    "numDrills": 10,
    "lastTime": 1610392343,
    "lastResult": true
  },
  "an-[de.art.ein]-ein": {
    "priorParams": [
      1.3804994082453117,
      0.9999999999997814,
      249925.49648284746
    ],
    "numDrills": 5,
    "lastTime": 1610392656,
    "lastResult": true
  },
  "no-[de.art.ein]-kein": {
    "priorParams": [
      1.3803513641261271,
      0.9999999999999775,
      249925.49648284746
    ],
    "numDrills": 5,
    "lastTime": 1610392663,
    "lastResult": true
  },
  "my-[de.art.ein]-mein": {
    "priorParams": [
      1.3806954666735158,
      0.9999999999999974,
      249925.49648284746
    ],
    "numDrills": 5,
    "lastTime": 1610392667,
    "lastResult": true
  },
  "your (singular)-[de.art.ein]-dein": {
    "priorParams": [
      1.3803713700882196,
      1.0000000000001903,
      249925.49648284746
    ],
    "numDrills": 5,
    "lastTime": 1610392671,
    "lastResult": true
  },
  "his/its (m)-[de.art.ein]-sein": {
    "priorParams": [
      1.380043272310435,
      0.9999999999999927,
      249925.49648284746
    ],
    "numDrills": 5,
    "lastTime": 1610392569,
    "lastResult": true
  },
  "its (n)-[de.art.ein]-sein": {
    "priorParams": [
      1.38008728542694,
      0.9999999999998099,
      249925.49648284746
    ],
    "numDrills": 5,
    "lastTime": 1610392592,
    "lastResult": true
  },
  "her/its (f)-[de.art.ein]-ihr": {
    "priorParams": [
      1.3804713998985236,
      1.0000000000002145,
      249925.49648284746
    ],
    "numDrills": 5,
    "lastTime": 1610392646,
    "lastResult": true
  },
  "our-[de.art.ein]-unser": {
    "priorParams": [
      1.3800032603862653,
      0.9999999999997743,
      249925.49648284746
    ],
    "numDrills": 5,
    "lastTime": 1610392589,
    "lastResult": true
  },
  "your (plural)-[de.art.ein]-euer": {
    "priorParams": [
      2.5590009717294966,
      3.303832871147114,
      43008.24636749587
    ],
    "numDrills": 15,
    "lastTime": 1610392425,
    "lastResult": true
  },
  "their-[de.art.ein]-ihr": {
    "priorParams": [
      1.8813005878830518,
      1.8343120950197742,
      81536.30265491242
    ],
    "numDrills": 7,
    "lastTime": 1610392756,
    "lastResult": true
  },
  "your (formal)-[de.art.ein]-Ihr": {
    "priorParams": [
      1.880031971549359,
      1.8342150220530495,
      81536.30265491242
    ],
    "numDrills": 6,
    "lastTime": 1610392753,
    "lastResult": true
  },
  "someone's-[de.art.ein]-irgendein": {
    "priorParams": [
      1.3802913462398927,
      0.9999999999997552,
      249925.49648284746
    ],
    "numDrills": 6,
    "lastTime": 1610392596,
    "lastResult": true
  },
  "and-[de.conj.coo]-und": {
    "priorParams": [
      1.3788189074325012,
      1.0000000000000278,
      249925.49648284746
    ],
    "numDrills": 4,
    "lastTime": 1610392571,
    "lastResult": true
  },
  "or-[de.conj.coo]-oder": {
    "priorParams": [
      1.3788749241262557,
      1.0000000000000093,
      249925.49648284746
    ],
    "numDrills": 4,
    "lastTime": 1610392575,
    "lastResult": true
  },
  "but/however-[de.conj.coo]-aber": {
    "priorParams": [
      1.3791790147495102,
      0.9999999999999711,
      249925.49648284746
    ],
    "numDrills": 4,
    "lastTime": 1610392659,
    "lastResult": true
  },
  "because/since-[de.conj.coo]-denn": {
    "priorParams": [
      1.3788749241262495,
      1.0000000000000053,
      249925.49648284746
    ],
    "numDrills": 4,
    "lastTime": 1610392617,
    "lastResult": true
  },
  "but (on the contrary)-[de.conj.coo]-sondern": {
    "priorParams": [
      2.691508616132223,
      3.1581300212587338,
      94342.59686298473
    ],
    "numDrills": 11,
    "lastTime": 1610392628,
    "lastResult": true
  },
  "both - and-[de.conj.coo]-sowohl - als": {
    "priorParams": [
      1.8298633541275138,
      2.010426836557621,
      106383.1618476996
    ],
    "numDrills": 7,
    "lastTime": 1610314817,
    "lastResult": true
  },
  "neither - nor-[de.conj.coo]-weder* - noch*": {
    "priorParams": [
      1.7263954297767619,
      2.4475254405333615,
      33823.737854557214
    ],
    "numDrills": 8,
    "lastTime": 1610392743,
    "lastResult": true
  },
  "either - or-[de.conj.coo]-entweder* - oder": {
    "priorParams": [
      2.2079244813037975,
      2.218400257303586,
      103676.69615807125
    ],
    "numDrills": 9,
    "lastTime": 1610392845,
    "lastResult": true
  },
  "not only - but also-[de.conj.coo]-nicht nur* - sondern auch": {
    "priorParams": [
      1.595941220883721,
      2.030976749995144,
      119960.41556021891
    ],
    "numDrills": 13,
    "lastTime": 1610392831,
    "lastResult": true
  },
  "that-[de.conj.sub]-dass": {
    "priorParams": [
      1.3787148764297683,
      0.9999999999999756,
      249925.49648284746
    ],
    "numDrills": 4,
    "lastTime": 1610392606,
    "lastResult": true
  },
  "as/when-[de.conj.sub]-als": {
    "priorParams": [
      2.6481760902113356,
      1.9943333556591023,
      103676.69615807125
    ],
    "numDrills": 5,
    "lastTime": 1610392449,
    "lastResult": true
  },
  "when/if-[de.conj.sub]-wenn": {
    "priorParams": [
      1.3790629801695737,
      0.9999999999998219,
      249925.49648284746
    ],
    "numDrills": 4,
    "lastTime": 1610392697,
    "lastResult": true
  },
  "because-[de.conj.sub]-weil": {
    "priorParams": [
      1.9173382417165687,
      2.00774956747563,
      103676.69615807125
    ],
    "numDrills": 5,