{
  "the-[de.art.der]-der": {
    "priorParams": [
      1.6674903763472184,
      1.0000000000000042,
      81536.30265491242
    ],
    "numDrills": 2,
    "lastTime": 1610133766,
    "lastResult": true
  },
  "this/these-[de.art.der]-dieser": {
    "priorParams": [
      1.6678951040442638,
      0.9999999999999962,
      81536.30265491242
    ],
    "numDrills": 2,
    "lastTime": 1610133787,
    "lastResult": true
  },
  "that/those-[de.art.der]-jener": {
    "priorParams": [
      1.6675394342498806,
      0.9999999999999982,
      81536.30265491242
    ],
    "numDrills": 2,
    "lastTime": 1610133778,
    "lastResult": true
  },
  "some/few a-[de.art.der]-einiger": {
    "priorParams": [
      1.6679073685199346,
      1.0,
      81536.30265491242
    ],
    "numDrills": 2,
    "lastTime": 1610133791,
    "lastResult": true
  },
  "some/many a-[de.art.der]-mancher": {
    "priorParams": [
      1.6674903763472124,
      1.0000000000000009,
      81536.30265491242
    ],
    "numDrills": 2,
    "lastTime": 1610133770,
    "lastResult": true
  },
  "some or other-[de.art.der]-irgendwelcher": {
    "priorParams": [
      1.6677356658605829,
      1.000000000000002,
      81536.30265491242
    ],
    "numDrills": 2,
    "lastTime": 1610133784,
    "lastResult": true
  },
  "every/each-[de.art.der]-jeder": {
    "priorParams": [
      1.0553949246904732,
      1.0000000000002096,
      81536.30265491242
    ],
    "numDrills": 3,
    "lastTime": 1610133740,
    "lastResult": true
  },
  "such a-[de.art.der]-solcher": {
    "priorParams": [
      1.0550269904199125,
      0.9999999999997926,
      81536.30265491242
    ],
    "numDrills": 3,
    "lastTime": 1610133699,
    "lastResult": true
  },
  "which-[de.art.der]-welcher": {
    "priorParams": [
      1.055873239241078,
      0.9999999999998146,
      81536.30265491242
    ],
    "numDrills": 4,
    "lastTime": 1610133729,
    "lastResult": true
  },
  "every/entire-[de.art.der]-s\u00e4mtliche": {
    "priorParams": [
      2.155954410571792,
      2.0826094564751063,
      33823.737854557214
    ],
    "numDrills": 4,
    "lastTime": 1610133636,
    "lastResult": true
  },
  "all-[de.art.der]-alle": {
    "priorParams": [
      1.0547449074799895,
      1.0000000000001779,
      81536.30265491242
    ],
    "numDrills": 3,
    "lastTime": 1610133696,
    "lastResult": true
  },
  "both-[de.art.der]-beider": {
    "priorParams": [
      1.6364165904334584,
      1.1688294155769678,
      3600
    ],
    "numDrills": 7,
    "lastTime": 1610135280,
    "lastResult": true
  },
  "an-[de.art.ein]-ein": {
    "priorParams": [
      1.055284544409006,
      0.9999999999998044,
      81536.30265491242
    ],
    "numDrills": 3,
    "lastTime": 1610133678,
    "lastResult": true
  },
  "no-[de.art.ein]-kein": {
    "priorParams": [
      1.0554562470685096,
      0.9999999999999766,
      81536.30265491242
    ],
    "numDrills": 3,
    "lastTime": 1610133736,
    "lastResult": true
  },
  "my-[de.art.ein]-mein": {
    "priorParams": [
      1.055775123435939,
      1.0000000000000036,
      81536.30265491242
    ],
    "numDrills": 3,
    "lastTime": 1610133680,
    "lastResult": true
  },
  "your (singular)-[de.art.ein]-dein": {
    "priorParams": [
      1.0557383300091303,
      1.0000000000001796,
      81536.30265491242
    ],
    "numDrills": 3,
    "lastTime": 1610133762,
    "lastResult": true
  },
  "his/its (m)-[de.art.ein]-sein": {
    "priorParams": [
      1.0554194536414985,
      0.99999999999999,
      81536.30265491242
    ],
    "numDrills": 3,
    "lastTime": 1610133716,
    "lastResult": true
  },
  "its (n)-[de.art.ein]-sein": {
    "priorParams": [
      1.0552968088846637,
      0.9999999999998151,
      81536.30265491242
    ],
    "numDrills": 3,
    "lastTime": 1610133718,
    "lastResult": true
  },
  "her/its (f)-[de.art.ein]-ihr": {
    "priorParams": [
      1.0552477509824452,
      1.0000000000002038,
      81536.30265491242
    ],
    "numDrills": 3,
    "lastTime": 1610133672,
    "lastResult": true
  },
  "our-[de.art.ein]-unser": {
    "priorParams": [
      1.0548798167118911,
      0.9999999999997918,
      81536.30265491242
    ],
    "numDrills": 3,
    "lastTime": 1610133702,
    "lastResult": true
  },
  "your (plural)-[de.art.ein]-euer": {
    "priorParams": [
      3.544118582344419,
      2.059843722615585,
      1493.3894757499138
    ],
    "numDrills": 10,
    "lastTime": 1610135381,
    "lastResult": true
  },
  "their-[de.art.ein]-ihr": {
    "priorParams": [
      1.0563147603656005,
      1.0000000000002094,
      81536.30265491242
    ],
    "numDrills": 4,
    "lastTime": 1610133734,
    "lastResult": true
  },
  "your (formal)-[de.art.ein]-Ihr": {
    "priorParams": [
      1.0549288746147678,
      0.9999999999999754,
      81536.30265491242
    ],
    "numDrills": 3,
    "lastTime": 1610133683,
    "lastResult": true
  },
  "someone's-[de.art.ein]-irgendein": {
    "priorParams": [
      1.0561921156084098,
      0.9999999999997763,
      81536.30265491242
    ],
    "numDrills": 4,
    "lastTime": 1610133744,
    "lastResult": true
  },
  "and-[de.conj.coo]-und": {
    "priorParams": [
      1.0511268871576747,
      1.0000000000000246,
      81536.30265491242
    ],
    "numDrills": 2,
    "lastTime": 1610133674,
    "lastResult": true
  },
  "or-[de.conj.coo]-oder": {
    "priorParams": [
      1.0513844411466624,
      1.0000000000000009,
      81536.30265491242
    ],
    "numDrills": 2,
    "lastTime": 1610133685,
    "lastResult": true
  },
  "but/however-[de.conj.coo]-aber": {
    "priorParams": [
      1.0509674489738823,
      0.9999999999999749,
      81536.30265491242
    ],
    "numDrills": 2,
    "lastTime": 1610133659,
    "lastResult": true
  },
  "because/since-[de.conj.coo]-denn": {
    "priorParams": [
      1.0503910186175214,
      0.9999999999999993,
      81536.30265491242
    ],
    "numDrills": 2,
    "lastTime": 1610133646,
    "lastResult": true
  },
  "but (on the contrary)-[de.conj.coo]-sondern": {
    "priorParams": [
      2.3449955334082824,
      2.042632166014131,
      30778.558567747586
    ],
    "numDrills": 6,
    "lastTime": 1610135386,
    "lastResult": true
  },
  "both - and-[de.conj.coo]-sowohl - als": {
    "priorParams": [
      0.9807470223123954,
      1.0000000000162734,
      83664.7964608707
    ],
    "numDrills": 4,
    "lastTime": 1610133604,
    "lastResult": true
  },
  "neither - nor-[de.conj.coo]-weder* - noch*": {
    "priorParams": [
      1.3791666666666647,
      0.9999999999999972,
      3600
    ],
    "numDrills": 3,
    "lastTime": 1610135247,
    "lastResult": true
  },
  "either - or-[de.conj.coo]-entweder* - oder": {
    "priorParams": [
      2.905238766978496,
      2.034206052635264,
      1493.3894757499138
    ],
    "numDrills": 5,
    "lastTime": 1610135324,
    "lastResult": true
  },
  "not only - but also-[de.conj.coo]-nicht nur* - sondern auch": {
    "priorParams": [
      0.8709768284120801,
      0.9999999999999999,
      1727.9449359678542
    ],
    "numDrills": 9,
    "lastTime": 1610135317,
    "lastResult": true
  },
  "that-[de.conj.sub]-dass": {
    "priorParams": [
      1.0496183566503607,
      0.999999999999973,
      81536.30265491242
    ],
    "numDrills": 2,
    "lastTime": 1610133612,
    "lastResult": true
  },
  "when/as-[de.conj.sub]-als": {
    "priorParams": [
      1.0500476132988597,
      1.000000000000026,
      81536.30265491242
    ],
    "numDrills": 2,
    "lastTime": 1610133655,
    "lastResult": true
  },
  "when/if-[de.conj.sub]-wenn": {
    "priorParams": [
      1.0501825225309613,
      0.9999999999998207,
      81536.30265491242
    ],
    "numDrills": 2,
    "lastTime": 1610133662,
    "lastResult": true
  },
  "because-[de.conj.sub]-weil": {
    "priorParams": [
      1.0501579935797782,
      0.9999999999999806,
      81536.30265491242
    ],
    "numDrills": 2,
    "lastTime": 1610133650,
    "lastResult": true
  },