{
  "also-[de.adv]-auch": {
    "priorParams": [
      1.3928110772959494,
      0.999999999999994,
      249925.49648284746
    ],
    "numDrills": 5,
    "lastTime": 1609100963,
    "lastResult": true
  },
  "then-[de.adv]-dann": {
    "priorParams": [
      0.6828396926301886,
      0.9999999999997624,
      766072.9240637763
    ],
    "numDrills": 4,
    "lastTime": 1609275977,
    "lastResult": true
  },
  "there-[de.adv]-da": {
    "priorParams": [
      1.392679037946373,
      1.0000000000000173,
      249925.49648284746
    ],
    "numDrills": 4,
    "lastTime": 1609100971,
    "lastResult": true
  },
  "still/yet-[de.adv]-noch": {
    "priorParams": [
      1.3916347267269125,
      0.9999999999999839,
      249925.49648284746
    ],
    "numDrills": 4,
    "lastTime": 1609100727,
    "lastResult": true
  },
  "so/therefore-[de.adv]-also": {
    "priorParams": [
      1.4962974013351158,
      1.1798577092275002,
      281822.4792011548
    ],
    "numDrills": 11,
    "lastTime": 1609275822,
    "lastResult": true
  },
  "just/only-[de.adv]-nur": {
    "priorParams": [
      1.3926390260222539,
      1.0000000000000029,
      249925.49648284746
    ],
    "numDrills": 4,
    "lastTime": 1609100996,
    "lastResult": true
  },
  "already-[de.adv]-schon": {
    "priorParams": [
      1.4115726685140888,
      1.0000000000000193,
      249925.49648284746
    ],
    "numDrills": 5,
    "lastTime": 1609275972,
    "lastResult": true
  },
  "more-[de.adv]-mehr": {
    "priorParams": [
      1.3925630033664311,
      1.0000000000000138,
      249925.49648284746
    ],
    "numDrills": 4,
    "lastTime": 1609100969,
    "lastResult": true
  },
  "now-[de.adv]-jetzt": {
    "priorParams": [
      1.392538996211954,
      0.9999999999999967,
      249925.49648284746
    ],
    "numDrills": 4,
    "lastTime": 1609100967,
    "lastResult": true
  },
  "always-[de.adv]-immer": {
    "priorParams": [
      1.392727052255327,
      1.00000000000002,
      249925.49648284746
    ],
    "numDrills": 4,
    "lastTime": 1609101049,
    "lastResult": true
  },
  "so/very-[de.adv]-sehr": {
    "priorParams": [
      1.3927950725263023,
      0.9999999999999981,
      249925.49648284746
    ],
    "numDrills": 4,
    "lastTime": 1609101070,
    "lastResult": true
  },
  "here-[de.adv]-hier": {
    "priorParams": [
      1.3925670045588403,
      1.0000000000000016,
      249925.49648284746
    ],
    "numDrills": 4,
    "lastTime": 1609101051,
    "lastResult": true
  },
  "but/indeed-[de.adv]-doch": {
    "priorParams": [
      1.39234693897625,
      1.0000000000002092,
      249925.49648284746
    ],
    "numDrills": 4,
    "lastTime": 1609100973,
    "lastResult": true
  },
  "again-[de.adv]-wieder": {
    "priorParams": [
      1.796120234679779,
      0.9999999999981399,
      289179.4157046195
    ],
    "numDrills": 11,
    "lastTime": 1609275950,
    "lastResult": true
  },
  "actually-[de.adv]-eigentlich": {
    "priorParams": [
      6.334024548656427,
      3.985911305027049,
      49763.22836228253
    ],
    "numDrills": 31,
    "lastTime": 1609275702,
    "lastResult": true
  },
  "above/up-[de.adv]-oben": {
    "priorParams": [
      3.9531722694480056,
      2.2432123742952346,
      119960.41556021888
    ],
    "numDrills": 13,
    "lastTime": 1609275800,
    "lastResult": true
  },
  "now-[de.adv]-nun": {
    "priorParams": [
      1.36146741129762,
      1.0000000000018983,
      256449.7667022887
    ],
    "numDrills": 10,
    "lastTime": 1609275962,
    "lastResult": true
  },
  "today-[de.adv]-heute": {
    "priorParams": [
      1.3905103916592494,
      0.9999999999999889,
      249925.49648284746
    ],
    "numDrills": 4,
    "lastTime": 1609100707,
    "lastResult": true
  },
  "widely-[de.adv]-weit": {
    "priorParams": [
      1.3905464023909493,
      0.9999999999999635,
      249925.49648284746
    ],
    "numDrills": 4,
    "lastTime": 1609100713,
    "lastResult": true
  },
  "just/exactly-[de.adv]-eben": {
    "priorParams": [
      3.9571612814671098,
      2.221893024024983,
      119960.41556021888
    ],
    "numDrills": 16,
    "lastTime": 1609275796,
    "lastResult": true
  },
  "first-[de.adv]-erst": {
    "priorParams": [
      1.3904703797351456,
      1.000000000000024,
      249925.49648284746
    ],
    "numDrills": 4,
    "lastTime": 1609100701,
    "lastResult": true
  },
  "naturally-[de.adv]-nat\u00fcrlich": {
    "priorParams": [
      1.390526396428902,
      0.9999999999999951,
      249925.49648284746
    ],
    "numDrills": 4,
    "lastTime": 1609100705,
    "lastResult": true
  },
  "perhaps/maybe-[de.adv]-vielleicht": {
    "priorParams": [
      1.3898061817948253,
      1.0000000000000064,
      249925.49648284746
    ],
    "numDrills": 3,
    "lastTime": 1609100680,
    "lastResult": true
  },
  "there-[de.adv]-dort": {
    "priorParams": [
      1.4971798424892562,
      1.1716833671416134,
      281822.4792011548
    ],
    "numDrills": 11,
    "lastTime": 1609275845,
    "lastResult": true
  },
  "once-[de.adv]-einmal": {
    "priorParams": [
      0.6821909293278915,
      0.9999999999999915,
      766072.9240637763
    ],
    "numDrills": 4,
    "lastTime": 1609275956,
    "lastResult": true
  },
  "at all-[de.adv]-gar": {
    "priorParams": [
      0.6603778798158173,
      1.0000000000165812,
      786071.1508742712
    ],
    "numDrills": 9,
    "lastTime": 1609275966,
    "lastResult": true
  },
  "already-[de.adv]-bereits": {
    "priorParams": [
      1.497157177776886,
      1.1717258293604773,
      281822.4792011548
    ],
    "numDrills": 10,
    "lastTime": 1609275837,
    "lastResult": true
  },
  "about/approx-[de.adv]-etwa": {
    "priorParams": [
      1.2814168469655476,
      2.1273584926598437,
      326086.2177517387
    ],
    "numDrills": 11,
    "lastTime": 1609275792,
    "lastResult": true
  },
  "just/exactly-[de.adv]-gerade": {
    "priorParams": [
      1.306391794597753,
      1.3576678635328165,
      281822.4792011548
    ],
    "numDrills": 11,
    "lastTime": 1609275843,
    "lastResult": true
  },
  "admittedly-[de.adv]-zwar": {
    "priorParams": [
      3.581891052844906,
      2.392433332012944,
      91942.4519806052
    ],
    "numDrills": 12,
    "lastTime": 1609275763,
    "lastResult": true
  },
  "to be precise-[de.adv]-zwar": {
    "priorParams": [
      1.7451120679475653,
      1.0000000000000322,
      249925.4964828475
    ],
    "numDrills": 8,
    "lastTime": 1609275910,
    "lastResult": true
  },
  "really/actually-[de.adv]-wirklich": {
    "priorParams": [
      1.7451880906033768,
      0.9999999999998558,
      249925.4964828475
    ],
    "numDrills": 8,
    "lastTime": 1609275915,
    "lastResult": true
  },
  "however-[de.adv]-jedoch": {
    "priorParams": [
      1.745092061985477,
      0.9999999999999927,
      249925.4964828475
    ],
    "numDrills": 8,
    "lastTime": 1609275917,
    "lastResult": true
  },
  "never-[de.adv]-nie": {
    "priorParams": [
      1.745068054831042,
      1.0000000000000322,
      249925.4964828475
    ],
    "numDrills": 8,
    "lastTime": 1609275895,
    "lastResult": true
  },
  "often-[de.adv]-oft": {
    "priorParams": [
      1.547406726518545,
      0.9999999999999917,
      281822.4792011548
    ],
    "numDrills": 7,
    "lastTime": 1609275964,
    "lastResult": true
  },
  "though-[de.adv]-allerdings": {
    "priorParams": [
      3.3892010123004037,
      2.180935817169438,
      116908.53457465378
    ],
    "numDrills": 10,
    "lastTime": 1609275788,
    "lastResult": true
  },
  "certainly-[de.adv]-allerdings": {
    "priorParams": [
      2.968033541098031,
      3.564555345378343,
      116908.53457465378
    ],
    "numDrills": 11,
    "lastTime": 1609275685,
    "lastResult": true
  },
  "almost/nearly-[de.adv]-fast": {
    "priorParams": [
      2.536747734631518,
      3.0426489388003675,
      116908.53457465378
    ],
    "numDrills": 11,
    "lastTime": 1609275682,