{
  "also-[de.adv]-auch": {
    "priorParams": [
      1.1087208648962816,
      0.9999999999999948,
      81536.30265491242
    ],
    "numDrills": 3,
    "lastTime": 1608843265,
    "lastResult": true
  },
  "then-[de.adv]-dann": {
    "priorParams": [
      1.1080708476855858,
      0.9999999999997833,
      81536.30265491242
    ],
    "numDrills": 2,
    "lastTime": 1608843220,
    "lastResult": true
  },
  "there-[de.adv]-da": {
    "priorParams": [
      1.1087821872746841,
      1.0000000000000255,
      81536.30265491242
    ],
    "numDrills": 2,
    "lastTime": 1608843311,
    "lastResult": true
  },
  "still/yet-[de.adv]-noch": {
    "priorParams": [
      1.1076170620861367,
      1.0000000000000007,
      81536.30265491242
    ],
    "numDrills": 2,
    "lastTime": 1608843233,
    "lastResult": true
  },
  "so/therefore-[de.adv]-also": {
    "priorParams": [
      1.4142858258525022,
      1.1661444753248225,
      29995.52945587477
    ],
    "numDrills": 7,
    "lastTime": 1608882900,
    "lastResult": true
  },
  "just/only-[de.adv]-nur": {
    "priorParams": [
      1.1078868805508417,
      1.0000000000000022,
      81536.30265491242
    ],
    "numDrills": 2,
    "lastTime": 1608843273,
    "lastResult": true
  },
  "already-[de.adv]-schon": {
    "priorParams": [
      1.1077397068428774,
      1.0000000000000282,
      81536.30265491242
    ],
    "numDrills": 2,
    "lastTime": 1608843250,
    "lastResult": true
  },
  "more-[de.adv]-mehr": {
    "priorParams": [
      1.107788764745546,
      1.0000000000000238,
      81536.30265491242
    ],
    "numDrills": 2,
    "lastTime": 1608843257,
    "lastResult": true
  },
  "now-[de.adv]-jetzt": {
    "priorParams": [
      1.1082425503452205,
      1.0000000000000002,
      81536.30265491242
    ],
    "numDrills": 2,
    "lastTime": 1608843298,
    "lastResult": true
  },
  "always-[de.adv]-immer": {
    "priorParams": [
      1.107114218583732,
      1.000000000000001,
      81536.30265491242
    ],
    "numDrills": 2,
    "lastTime": 1608843241,
    "lastResult": true
  },
  "so/very-[de.adv]-sehr": {
    "priorParams": [
      1.1070038383027165,
      1.0000000000000002,
      81536.30265491242
    ],
    "numDrills": 2,
    "lastTime": 1608843236,
    "lastResult": true
  },
  "here-[de.adv]-hier": {
    "priorParams": [
      1.1069547804000466,
      1.0000000000000033,
      81536.30265491242
    ],
    "numDrills": 2,
    "lastTime": 1608843270,
    "lastResult": true
  },
  "but/indeed-[de.adv]-doch": {
    "priorParams": [
      1.1069547804002609,
      1.0000000000001874,
      81536.30265491242
    ],
    "numDrills": 2,
    "lastTime": 1608843247,
    "lastResult": true
  },
  "again-[de.adv]-wieder": {
    "priorParams": [
      0.9190546251952049,
      0.9999999999982309,
      94342.59686298473
    ],
    "numDrills": 8,
    "lastTime": 1608843255,
    "lastResult": true
  },
  "actually-[de.adv]-eigentlich": {
    "priorParams": [
      2.737235398968957,
      2.1423466643061455,
      12767.882067729606
    ],
    "numDrills": 23,
    "lastTime": 1608882846,
    "lastResult": true
  },
  "above/up-[de.adv]-oben": {
    "priorParams": [
      2.833596001724438,
      2.180638414905222,
      39136.17813058283
    ],
    "numDrills": 9,
    "lastTime": 1608883066,
    "lastResult": true
  },
  "now-[de.adv]-nun": {
    "priorParams": [
      1.0353338998515518,
      1.0000000000017881,
      83664.79646087071
    ],
    "numDrills": 7,
    "lastTime": 1608843164,
    "lastResult": true
  },
  "today-[de.adv]-heute": {
    "priorParams": [
      1.1045386786933749,
      1.0000000000000007,
      81536.30265491242
    ],
    "numDrills": 2,
    "lastTime": 1608843243,
    "lastResult": true
  },
  "widely-[de.adv]-weit": {
    "priorParams": [
      1.1048698195363607,
      0.9999999999999721,
      81536.30265491242
    ],
    "numDrills": 2,
    "lastTime": 1608843267,
    "lastResult": true
  },
  "just/exactly-[de.adv]-eben": {
    "priorParams": [
      2.835351300126505,
      2.161188982214364,
      39136.17813058283
    ],
    "numDrills": 12,
    "lastTime": 1608883064,
    "lastResult": true
  },
  "first-[de.adv]-erst": {
    "priorParams": [
      1.1043056536557407,
      1.0000000000000338,
      81536.30265491242
    ],
    "numDrills": 2,
    "lastTime": 1608843228,
    "lastResult": true
  },
  "naturally-[de.adv]-nat\u00fcrlich": {
    "priorParams": [
      1.1050169932444405,
      1.0,
      81536.30265491242
    ],
    "numDrills": 2,
    "lastTime": 1608843276,
    "lastResult": true
  },
  "perhaps/maybe-[de.adv]-vielleicht": {
    "priorParams": [
      1.1024782467810883,
      1.0000000000000002,
      81536.30265491242
    ],
    "numDrills": 1,
    "lastTime": 1608843224,
    "lastResult": true
  },
  "there-[de.adv]-dort": {
    "priorParams": [
      1.4056557518333157,
      1.1587099337577478,
      29995.52945587477
    ],
    "numDrills": 7,
    "lastTime": 1608883014,
    "lastResult": true
  },
  "once-[de.adv]-einmal": {
    "priorParams": [
      1.1032877021751981,
      0.999999999999999,
      81536.30265491242
    ],
    "numDrills": 1,
    "lastTime": 1608843306,
    "lastResult": true
  },
  "at all-[de.adv]-gar": {
    "priorParams": [
      1.0315569230108521,
      1.0000000000150029,
      83664.7964608707
    ],
    "numDrills": 6,
    "lastTime": 1608843167,
    "lastResult": true
  },
  "already-[de.adv]-bereits": {
    "priorParams": [
      1.4022123343465331,
      1.1587487117202904,
      29995.52945587477
    ],
    "numDrills": 6,
    "lastTime": 1608882906,
    "lastResult": true
  },
  "about/approx-[de.adv]-etwa": {
    "priorParams": [
      3.273513978802044,
      2.0125265930259753,
      34706.70181261748
    ],
    "numDrills": 8,
    "lastTime": 1608883072,
    "lastResult": true
  },
  "just/exactly-[de.adv]-gerade": {
    "priorParams": [
      1.2965067817881548,
      1.3192753193151814,
      3600
    ],
    "numDrills": 6,
    "lastTime": 1608883131,
    "lastResult": true
  },
  "admittedly-[de.adv]-zwar": {
    "priorParams": [
      1.28461490030466,
      1.3183990262368042,
      3600
    ],
    "numDrills": 6,
    "lastTime": 1608883124,
    "lastResult": true
  },
  "to be precise-[de.adv]-zwar": {
    "priorParams": [
      1.4415814884551459,
      1.0000000000000089,
      29995.52945587477
    ],
    "numDrills": 5,
    "lastTime": 1608883003,
    "lastResult": true
  },
  "really/actually-[de.adv]-wirklich": {
    "priorParams": [
      1.4422149161805051,
      0.999999999999877,
      29995.52945587477
    ],
    "numDrills": 5,
    "lastTime": 1608883008,
    "lastResult": true
  },
  "however-[de.adv]-jedoch": {
    "priorParams": [
      1.4387810711421696,
      0.9999999999999997,
      29995.52945587477
    ],
    "numDrills": 5,
    "lastTime": 1608882931,
    "lastResult": true
  },
  "never-[de.adv]-nie": {
    "priorParams": [
      1.441948209769965,
      1.0000000000000058,
      29995.52945587477
    ],
    "numDrills": 5,
    "lastTime": 1608883010,
    "lastResult": true
  },
  "often-[de.adv]-oft": {
    "priorParams": [
      1.4356472708157468,
      0.9999999999999998,
      29995.52945587477
    ],
    "numDrills": 3,
    "lastTime": 1608882933,
    "lastResult": true
  },
  "though-[de.adv]-allerdings": {
    "priorParams": [
      3.053987560888648,
      2.0681491763952793,
      12443.057780263867
    ],
    "numDrills": 5,
    "lastTime": 1608882883,
    "lastResult": true
  },
  "certainly-[de.adv]-allerdings": {
    "priorParams": [
      2.70064073831357,
      3.2478316784424797,
      12443.057780263867
    ],
    "numDrills": 6,
    "lastTime": 1608882856,
    "lastResult": true
  },
  "almost/nearly-[de.adv]-fast": {
    "priorParams": [
      3.0533433259552507,
      2.0680308864397197,
      12443.057780263867
    ],
    "numDrills": 5,
    "lastTime": 1608882891,
    "lastResult": true
  },