{
  "also-[de.adv]-auch": {
    "priorParams": [
      1.1087208648962816,
      0.9999999999999948,
      81536.30265491242
    ],
    "numDrills": 3,
    "lastTime": 1608843265,
    "lastResult": true
  },
  "then-[de.adv]-dann": {
    "priorParams": [
      1.1080708476855858,
      0.9999999999997833,
      81536.30265491242
    ],
    "numDrills": 2,
    "lastTime": 1608843220,
    "lastResult": true
  },
  "there-[de.adv]-da": {
    "priorParams": [
      1.1087821872746841,
      1.0000000000000255,
      81536.30265491242
    ],
    "numDrills": 2,
    "lastTime": 1608843311,
    "lastResult": true
  },
  "still/yet-[de.adv]-noch": {
    "priorParams": [
      1.1076170620861367,
      1.0000000000000007,
      81536.30265491242
    ],
    "numDrills": 2,
    "lastTime": 1608843233,
    "lastResult": true
  },
  "so/therefore-[de.adv]-also": {
    "priorParams": [
      1.3210211363775084,
      1.1603560093301581,
      3600
    ],
    "numDrills": 6,
    "lastTime": 1608843765,
    "lastResult": true
  },
  "just/only-[de.adv]-nur": {
    "priorParams": [
      1.1078868805508417,
      1.0000000000000022,
      81536.30265491242
    ],
    "numDrills": 2,
    "lastTime": 1608843273,
    "lastResult": true
  },
  "already-[de.adv]-schon": {
    "priorParams": [
      1.1077397068428774,
      1.0000000000000282,
      81536.30265491242
    ],
    "numDrills": 2,
    "lastTime": 1608843250,
    "lastResult": true
  },
  "more-[de.adv]-mehr": {
    "priorParams": [
      1.107788764745546,
      1.0000000000000238,
      81536.30265491242
    ],
    "numDrills": 2,
    "lastTime": 1608843257,
    "lastResult": true
  },
  "now-[de.adv]-jetzt": {
    "priorParams": [
      1.1082425503452205,
      1.0000000000000002,
      81536.30265491242
    ],
    "numDrills": 2,
    "lastTime": 1608843298,
    "lastResult": true
  },
  "always-[de.adv]-immer": {
    "priorParams": [
      1.107114218583732,
      1.000000000000001,
      81536.30265491242
    ],
    "numDrills": 2,
    "lastTime": 1608843241,
    "lastResult": true
  },
  "so/very-[de.adv]-sehr": {
    "priorParams": [
      1.1070038383027165,
      1.0000000000000002,
      81536.30265491242
    ],
    "numDrills": 2,
    "lastTime": 1608843236,
    "lastResult": true
  },
  "here-[de.adv]-hier": {
    "priorParams": [
      1.1069547804000466,
      1.0000000000000033,
      81536.30265491242
    ],
    "numDrills": 2,
    "lastTime": 1608843270,
    "lastResult": true
  },
  "but/indeed-[de.adv]-doch": {
    "priorParams": [
      1.1069547804002609,
      1.0000000000001874,
      81536.30265491242
    ],
    "numDrills": 2,
    "lastTime": 1608843247,
    "lastResult": true
  },
  "again-[de.adv]-wieder": {
    "priorParams": [
      0.9190546251952049,
      0.9999999999982309,
      94342.59686298473
    ],
    "numDrills": 8,
    "lastTime": 1608843255,
    "lastResult": true
  },
  "actually-[de.adv]-eigentlich": {
    "priorParams": [
      2.545711415730536,
      2.1065997041605335,
      563.7289642426202
    ],
    "numDrills": 21,
    "lastTime": 1608844158,
    "lastResult": true
  },
  "above/up-[de.adv]-oben": {
    "priorParams": [
      1.8143600439642051,
      2.1806384149052276,
      39136.17813058283
    ],
    "numDrills": 8,
    "lastTime": 1608843177,
    "lastResult": true
  },
  "now-[de.adv]-nun": {
    "priorParams": [
      1.0353338998515518,
      1.0000000000017881,
      83664.79646087071
    ],
    "numDrills": 7,
    "lastTime": 1608843164,
    "lastResult": true
  },
  "today-[de.adv]-heute": {
    "priorParams": [
      1.1045386786933749,
      1.0000000000000007,
      81536.30265491242
    ],
    "numDrills": 2,
    "lastTime": 1608843243,
    "lastResult": true
  },
  "widely-[de.adv]-weit": {
    "priorParams": [
      1.1048698195363607,
      0.9999999999999721,
      81536.30265491242
    ],
    "numDrills": 2,
    "lastTime": 1608843267,
    "lastResult": true
  },
  "just/exactly-[de.adv]-eben": {
    "priorParams": [
      1.8225288454723187,
      2.1611889822143575,
      39136.17813058283
    ],
    "numDrills": 11,
    "lastTime": 1608843426,
    "lastResult": true
  },
  "first-[de.adv]-erst": {
    "priorParams": [
      1.1043056536557407,
      1.0000000000000338,
      81536.30265491242
    ],
    "numDrills": 2,
    "lastTime": 1608843228,
    "lastResult": true
  },
  "naturally-[de.adv]-nat\u00fcrlich": {
    "priorParams": [
      1.1050169932444405,
      1.0,
      81536.30265491242
    ],
    "numDrills": 2,
    "lastTime": 1608843276,
    "lastResult": true
  },
  "perhaps/maybe-[de.adv]-vielleicht": {
    "priorParams": [
      1.1024782467810883,
      1.0000000000000002,
      81536.30265491242
    ],
    "numDrills": 1,
    "lastTime": 1608843224,
    "lastResult": true
  },
  "there-[de.adv]-dort": {
    "priorParams": [
      1.1974738927714226,
      1.1531793977688918,
      3600
    ],
    "numDrills": 5,
    "lastTime": 1608843760,
    "lastResult": true
  },
  "once-[de.adv]-einmal": {
    "priorParams": [
      1.1032877021751981,
      0.999999999999999,
      81536.30265491242
    ],
    "numDrills": 1,
    "lastTime": 1608843306,
    "lastResult": true
  },
  "at all-[de.adv]-gar": {
    "priorParams": [
      1.0315569230108521,
      1.0000000000150029,
      83664.7964608707
    ],
    "numDrills": 6,
    "lastTime": 1608843167,
    "lastResult": true
  },
  "already-[de.adv]-bereits": {
    "priorParams": [
      1.2130375492431098,
      1.1532004893500647,
      3600
    ],
    "numDrills": 5,
    "lastTime": 1608843812,
    "lastResult": true
  },
  "about/approx-[de.adv]-etwa": {
    "priorParams": [
      2.12419704815962,
      2.012526593025985,
      34706.70181261748
    ],
    "numDrills": 7,
    "lastTime": 1608843183,
    "lastResult": true
  },
  "just/exactly-[de.adv]-gerade": {
    "priorParams": [
      1.1180555555555578,
      1.0000000000000007,
      3600
    ],
    "numDrills": 4,
    "lastTime": 1608843803,
    "lastResult": true
  },
  "admittedly-[de.adv]-zwar": {
    "priorParams": [
      1.1138888888888885,
      0.9999999999999983,
      3600
    ],
    "numDrills": 4,
    "lastTime": 1608843763,
    "lastResult": true
  },
  "to be precise-[de.adv]-zwar": {
    "priorParams": [
      1.128611111111121,
      1.0000000000000075,
      3600
    ],
    "numDrills": 4,
    "lastTime": 1608843825,
    "lastResult": true
  },
  "really/actually-[de.adv]-wirklich": {
    "priorParams": [
      1.1216666666666595,
      0.9999999999999947,
      3600
    ],
    "numDrills": 4,
    "lastTime": 1608843786,
    "lastResult": true
  },
  "however-[de.adv]-jedoch": {
    "priorParams": [
      1.1205555555555564,
      0.9999999999999994,
      3600
    ],
    "numDrills": 4,
    "lastTime": 1608843808,
    "lastResult": true
  },
  "never-[de.adv]-nie": {
    "priorParams": [
      1.1266666666666643,
      0.9999999999999974,
      3600
    ],
    "numDrills": 4,
    "lastTime": 1608843814,
    "lastResult": true
  },
  "often-[de.adv]-oft": {
    "priorParams": [
      1.0844444444444443,
      0.9999999999999994,
      3600
    ],
    "numDrills": 2,
    "lastTime": 1608843774,
    "lastResult": true
  },
  "though-[de.adv]-allerdings": {
    "priorParams": [
      2.444053374308168,
      2.0408943883873283,
      1493.3894757499138
    ],
    "numDrills": 3,
    "lastTime": 1608844149,
    "lastResult": true
  },
  "certainly-[de.adv]-allerdings": {
    "priorParams": [
      2.0760343312753142,
      3.1314495434031113,
      1493.3894757499138
    ],
    "numDrills": 4,
    "lastTime": 1608844130,
    "lastResult": true
  },
  "almost/nearly-[de.adv]-fast": {
    "priorParams": [
      2.45498559730582,
      2.0407731864390475,
      1493.3894757499138
    ],
    "numDrills": 3,
    "lastTime": 1608844182,
    "lastResult": true
  },
  "well-[de.adv]-wohl": {
    "priorParams": [
      1.0741666666666638,
      0.9999999999999981,
      3600
    ],
    "numDrills": 2,